{
  "resourceType" : "DocumentReference",
  "id" : "doc-medicalRecord-min",
  "meta" : {
    "profile" : ["https://nhicore.nhi.gov.tw/pas/StructureDefinition/DocumentReference-twpas"]
  },
  "text" : {
    "status" : "generated",
    "div" : "<div xmlns=\"http://www.w3.org/1999/xhtml\"><div style=\"display: inline-block; background-color: #d9e0e7; padding: 6px; margin: 4px; border: 1px solid #8da1b4;\n        border-radius: 5px; line-height: 60%\"><p style=\"margin-bottom: 0px\">Profile: <a href=\"StructureDefinition-DocumentReference-twpas.html\">文件參照-DocumentReference TWPAS</a></p></div><p><b>狀態</b>：current</p><p><b>報告類型</b>：病歷資料 <span style=\"background: LightGoldenRodYellow; margin: 4px; border: 1px solid khaki\">(<a href=\"CodeSystem-nhi-pdf-type.html\">NHI-文件類型</a>#medrec)</span></p><p><b>病人</b>：<a href=\"Patient-pat-min.html\">Patient/pat-min</a> &quot;王大明&quot;</p><p><b>病歷資料 (application/pdf)</b>：file://王大明病歷.pdf</p><p><b>病歷資料名稱</b>：王大明病歷</p></div>"
  },
  "status" : "current",
  "category" : [{
    "coding" : [{
      "system" : "https://nhicore.nhi.gov.tw/pas/CodeSystem/nhi-pdf-type",
      "code" : "medrec"
    }]
  }],
  "subject" : {
    "reference" : "Patient/pat-min"
  },
  "content" : [{
    "attachment" : {
      "contentType" : "application/pdf",
      "url" : "file://王大明病歷.pdf",
      "title" : "王大明病歷"
    }
  }]
}