{
  "resourceType" : "MedicationRequest",
  "id" : "medReq-treat",
  "meta" : {
    "profile" : ["https://nhicore.nhi.gov.tw/pas/StructureDefinition/MedicationRequest-treat-twpas"]
  },
  "text" : {
    "status" : "generated",
    "div" : "<div xmlns=\"http://www.w3.org/1999/xhtml\"><div style=\"display: inline-block; background-color: #d9e0e7; padding: 6px; margin: 4px; border: 1px solid #8da1b4;\n        border-radius: 5px; line-height: 60%\"><p style=\"margin-bottom: 0px\">Profile：<a href=\"StructureDefinition-MedicationRequest-treat-twpas.html\">用藥品項-MedicationRequest Treat TWPAS</a></p></div><p><b>藥物使用狀態</b>：completed</p><p><b>藥物處方終止原因</b>：Try another treatment first <span style=\"background: LightGoldenRodYellow; margin: 4px; border: 1px solid khaki\">(<a href=\"https://hl7.org/fhir/R4/codesystem-medicationrequest-status-reason.html\">MedicationRequest Status Reason Codes</a>#altchoice)</span></p><p><b>意圖</b>：Order <span style=\"background: LightGoldenRodYellow; margin: 4px; border: 1px solid khaki\">( <a href=\"http://hl7.org/fhir/CodeSystem/medicationrequest-intent\">medicationRequest Intent</a>#order)</span></p><p><b>自費註記</b>：健保 <span style=\"background: LightGoldenRodYellow; margin: 4px; border: 1px solid khaki\">(<a href=\"CodeSystem-nhi-drug-category.html\">NHI-藥物類型</a>#nhi)</span></p><p><b>藥品代碼</b>：ANTI-CUGH SYRUP 60ML <span style=\"background: LightGoldenRodYellow; margin: 4px; border: 1px solid khaki\">(<a href=\"CodeSystem-nhi-medication.html\">NHI-健保事前審查-用藥品項值集</a>#A000755151)</span></p><p><b>病人</b>：<a href=\"Patient-pat-min.html\">Patient/pat-min</a> &quot;&quot;</p><p><b>藥品使用頻率及服用時間</b>：1W3D</p><p><b>藥物每次處方劑量(單位)</b>：4 (tablets <span style=\"background: LightGoldenRodYellow; margin: 4px; border: 1px solid khaki\">(<a href=\"https://hl7.org/fhir/R4/valueset-ucum-common.html\">Common UCUM units</a>#{tbl})</span>)</p><p><b>藥物處方起始日期</b>：2024-05-01</p><p><b>藥物處方終止日期</b>：2024-05-07</p><p><b>給藥途徑／作用部位</b>：Oral use <span style=\"background: LightGoldenRodYellow; margin: 4px; border: 1px solid khaki\">(<a href=\"http://snomed.info/sct/\">SNOMED CT + 臺灣健保署給藥途徑值集</a>#26643006)</span></p></div>"
  },
  "status" : "completed",
  "statusReason" : {
    "coding" : [{
      "system" : "http://terminology.hl7.org/CodeSystem/medicationrequest-status-reason",
      "code" : "altchoice"
    }]
  },
  "intent" : "order",
  "category" : [{
    "coding" : [{
      "system" : "https://nhicore.nhi.gov.tw/pas/CodeSystem/nhi-drug-category",
      "code" : "nhi"
    }]
  }],
  "medicationCodeableConcept" : {
    "coding" : [{
      "system" : "https://nhicore.nhi.gov.tw/pas/CodeSystem/nhi-medication",
      "code" : "A000755151"
    }]
  },
  "subject" : {
    "reference" : "Patient/pat-min"
  },
  "dosageInstruction" : [{
    "timing" : {
      "repeat" : {
        "boundsPeriod" : {
          "start" : "2024-05-01",
          "end" : "2024-05-07"
        }
      },
      "code" : {
        "text" : "1W3D"
      }
    },
    "route" : {
      "coding" : [{
        "system" : "http://snomed.info/sct",
        "code" : "26643006"
      }]
    },
    "doseAndRate" : [{
      "doseQuantity" : {
        "value" : 4,
        "unit" : "tablets",
        "system" : "http://unitsofmeasure.org",
        "code" : "{tbl}"
      }
    }]
  }]
}