{
  "resourceType" : "Observation",
  "id" : "obs-lab-cbc",
  "meta" : {
    "profile" : ["https://nhicore.nhi.gov.tw/pas/StructureDefinition/Observation-laboratory-result-twpas"]
  },
  "text" : {
    "status" : "generated",
    "div" : "<div xmlns=\"http://www.w3.org/1999/xhtml\"><div style=\"display: inline-block; background-color: #d9e0e7; padding: 6px; margin: 4px; border: 1px solid #8da1b4; border-radius: 5px; line-height: 60%\"><p style=\"margin-bottom: 0px\">Profile: <a href=\"StructureDefinition-Observation-laboratory-result-twpas.html\">檢驗檢查-Observation Laboratory Result TWPAS</a></p></div><p><b>狀態</b>：final</p><p><b>類型</b>：檢驗(查)<span style=\"background: LightGoldenRodYellow; margin: 4px; border: 1px solid khaki\"> (<a href=\"CodeSystem-nhi-supporting-info-type.html/\">NHI-補充資訊類別值集</a>#tests)</span></p><p><b>套組代碼</b>：CBC panel - Blood by Automated count <span style=\"background: LightGoldenRodYellow; margin: 4px; border: 1px solid khaki\">(<a href=\"http://loinc.org/\">LOINCCodes</a>#58410-2)</span></p><p><b>病人</b>：<a href=\"Patient-pat-min.html\">Patient/pat-min</a></p><p><b>檢驗(查)報告日期</b>：2024-01-01</p><p><b>簽發檢驗(查)報告醫事人員身分證號</b>：<a href=\"Practitioner-pra-min.html\">Practitioner/pra-min</a></p><p><b>檢驗(查)附件</b>：<a href=\"DocumentReference-doc-test-min.html\">DocumentReference/doc-test-min</a></p><blockquote><p><b>檢驗(查)名稱</b>：Leukocytes [#/volume] in Blood by Automated count <span style=\"background: LightGoldenRodYellow; margin: 4px; border: 1px solid khaki\">(<a href=\"http://loinc.org/\">LOINCCodes</a>#6690-2)</span><br/><b>檢驗(查)結果</b>：3.6 × 10^3/μL<br/><b>檢驗(查)結果之參考範圍下限</b>：3.9 × 10^3/μL<br/><b>檢驗(查)結果之參考範圍上限</b>：10.6 × 10^3/μL</p></blockquote><blockquote><p><b>檢驗(查)名稱</b>：Erythrocytes [#/volume] in Blood by Automated count <span style=\"background: LightGoldenRodYellow; margin: 4px; border: 1px solid khaki\">(<a href=\"http://loinc.org/\">LOINCCodes</a>#789-8)</span><br/><b>檢驗(查)結果</b>：4.7 × 10^6/μL<br/><b>檢驗(查)結果之參考範圍下限</b>：4.5 × 10^3/μL<br/><b>檢驗(查)結果之參考範圍上限</b>：5.9 × 10^3/μL</p></blockquote><blockquote><p><b>檢驗(查)名稱</b>：Hemoglobin [Mass/volume] in Blood <span style=\"background: LightGoldenRodYellow; margin: 4px; border: 1px solid khaki\">(<a href=\"http://loinc.org/\">LOINCCodes</a>#718-7)</span><br/><b>檢驗(查)結果</b>：14 g/dL<br/><b>檢驗(查)結果之參考範圍下限</b>：13.5 g/dL<br/><b>檢驗(查)結果之參考範圍上限</b>：17.5 g/dL</p></blockquote><blockquote><p><b>檢驗(查)名稱</b>：Hematocrit [Volume Fraction] of Blood by Automated count <span style=\"background: LightGoldenRodYellow; margin: 4px; border: 1px solid khaki\">(<a href=\"http://loinc.org/\">LOINCCodes</a>#4544-3)</span><br/><b>檢驗(查)結果</b>：45 %<br/><b>檢驗(查)結果之參考範圍下限</b>：41 %<br/><b>檢驗(查)結果之參考範圍上限</b>：53 %</p></blockquote><blockquote><p><b>檢驗(查)名稱</b>：Platelets [#/volume] in Blood by Automated count <span style=\"background: LightGoldenRodYellow; margin: 4px; border: 1px solid khaki\">(<a href=\"http://loinc.org/\">LOINCCodes</a>#777-3)</span><br/><b>檢驗(查)結果</b>：101 × 10^3/μL<br/><b>檢驗(查)結果之參考範圍下限</b>：150 × 10^3/μL<br/><b>檢驗(查)結果之參考範圍上限</b>：400 × 10^3/μL</p></blockquote></div>"
  },
  "status" : "final",
  "category" : [{
    "coding" : [{
      "system" : "https://nhicore.nhi.gov.tw/pas/CodeSystem/nhi-supporting-info-type",
      "code" : "tests"
    }]
  }],
  "code" : {
    "coding" : [{
      "system" : "http://loinc.org",
      "code" : "58410-2"
    }]
  },
  "subject" : {
    "reference" : "Patient/pat-min"
  },
  "effectiveDateTime" : "2024-01-01",
  "performer" : [{
    "reference" : "Practitioner/pra-min"
  }],
  "derivedFrom" : [{
    "reference" : "DocumentReference/doc-test-min"
  }],
  "component" : [{
    "code" : {
      "coding" : [{
        "system" : "http://loinc.org",
        "code" : "6690-2"
      }]
    },
    "valueQuantity" : {
      "value" : 3.6,
      "unit" : "10*3/uL"
    },
    "referenceRange" : [{
      "low" : {
        "value" : 3.9,
        "unit" : "10*3/uL"
      },
      "high" : {
        "value" : 10.6,
        "unit" : "10*3/uL"
      }
    }]
  },
  {
    "code" : {
      "coding" : [{
        "system" : "http://loinc.org",
        "code" : "789-8"
      }]
    },
    "valueQuantity" : {
      "value" : 4.7,
      "unit" : "10*6/uL"
    },
    "referenceRange" : [{
      "low" : {
        "value" : 4.5,
        "unit" : "10*6/uL"
      },
      "high" : {
        "value" : 5.9,
        "unit" : "10*6/uL"
      }
    }]
  },
  {
    "code" : {
      "coding" : [{
        "system" : "http://loinc.org",
        "code" : "718-7"
      }]
    },
    "valueQuantity" : {
      "value" : 14,
      "unit" : "g/dL"
    },
    "referenceRange" : [{
      "low" : {
        "value" : 13.5,
        "unit" : "g/dL"
      },
      "high" : {
        "value" : 17.5,
        "unit" : "g/dL"
      }
    }]
  },
  {
    "code" : {
      "coding" : [{
        "system" : "http://loinc.org",
        "code" : "4544-3"
      }]
    },
    "valueQuantity" : {
      "value" : 45,
      "unit" : "%"
    },
    "referenceRange" : [{
      "low" : {
        "value" : 41,
        "unit" : "%"
      },
      "high" : {
        "value" : 53,
        "unit" : "%"
      }
    }]
  },
  {
    "code" : {
      "coding" : [{
        "system" : "http://loinc.org",
        "code" : "777-3"
      }]
    },
    "valueQuantity" : {
      "value" : 101,
      "unit" : "10*3/uL"
    },
    "referenceRange" : [{
      "low" : {
        "value" : 150,
        "unit" : "10*3/uL"
      },
      "high" : {
        "value" : 400,
        "unit" : "10*3/uL"
      }
    }]
  }]
}