{
  "resourceType" : "Observation",
  "id" : "obs-lab-min",
  "meta" : {
    "profile" : ["https://nhicore.nhi.gov.tw/pas/StructureDefinition/Observation-laboratory-result-twpas"]
  },
  "text" : {
    "status" : "generated",
    "div" : "<div xmlns=\"http://www.w3.org/1999/xhtml\"><div style=\"display: inline-block; background-color: #d9e0e7; padding: 6px; margin: 4px; border: 1px solid #8da1b4; border-radius: 5px; line-height: 60%\"><p style=\"margin-bottom: 0px\">Profile: <a href=\"StructureDefinition-Observation-laboratory-result-twpas.html\">檢驗檢查-Observation Laboratory Result TWPAS</a></p></div><p><b>狀態</b>：final</p><p><b>類型</b>：檢驗(查)<span style=\"background: LightGoldenRodYellow; margin: 4px; border: 1px solid khaki\"> (<a href=\"CodeSystem-nhi-supporting-info-type.html/\">NHI-補充資訊類別值集</a>#tests)</span></p><p><b>檢驗(查)名稱</b>：Platelets [#/volume] in Blood by Automated count <span style=\"background: LightGoldenRodYellow; margin: 4px; border: 1px solid khaki\">(<a href=\"http://loinc.org/\">LOINCCodes</a>#777-3)</span></p><p><b>病人</b>：<a href=\"Patient-pat-min.html\">Patient/pat-min</a></p><p><b>檢驗(查)報告日期</b>：2024-01-01</p><p><b>簽發檢驗(查)報告醫事人員身分證號</b>：<a href=\"Practitioner-pra-min.html\">Practitioner/pra-min</a></p><p><b>檢驗(查)結果</b>：5.1 mmol/l</p><p><b>檢驗(查)結果判讀</b>：高，High <span style=\"background: LightGoldenRodYellow; margin: 4px; border: 1px solid khaki\">(<a href=\"http://terminology.hl7.org/CodeSystem/v3-ObservationInterpretation/\">ObservationInterpretationCodes </a>#H)</span></p><p><b>檢驗(查)結果之參考範圍下限</b>：2.9 mmol/L</p><p><b>檢驗(查)結果之參考範圍上限</b>：4.9 mmol/L</p><p><b>檢驗(查)附件</b>：<a href=\"DocumentReference-doc-test-min.html\">DocumentReference/doc-test-min</a></p></div>"
  },
  "status" : "final",
  "category" : [{
    "coding" : [{
      "system" : "https://nhicore.nhi.gov.tw/pas/CodeSystem/nhi-supporting-info-type",
      "code" : "tests"
    }]
  }],
  "code" : {
    "coding" : [{
      "system" : "http://loinc.org",
      "code" : "777-3"
    }]
  },
  "subject" : {
    "reference" : "Patient/pat-min"
  },
  "effectiveDateTime" : "2024-01-01",
  "performer" : [{
    "reference" : "Practitioner/pra-min"
  }],
  "valueQuantity" : {
    "value" : 5.1,
    "unit" : "mmol/l"
  },
  "interpretation" : [{
    "coding" : [{
      "system" : "http://terminology.hl7.org/CodeSystem/v3-ObservationInterpretation",
      "code" : "H"
    }],
    "text" : "高"
  }],
  "referenceRange" : [{
    "low" : {
      "value" : 2.9,
      "unit" : "mmol/l",
      "system" : "http://unitsofmeasure.org",
      "code" : "mmol/L"
    },
    "high" : {
      "value" : 4.9,
      "unit" : "mmol/l",
      "system" : "http://unitsofmeasure.org",
      "code" : "mmol/L"
    }
  }],
  "derivedFrom" : [{
    "reference" : "DocumentReference/doc-test-min"
  }]
}