{
  "resourceType" : "Observation",
  "id" : "obs-cancer-figo",
  "meta" : {
    "profile" : ["https://nhicore.nhi.gov.tw/pas/StructureDefinition/Observation-cancer-stage-twpas"]
  },
  "text" : {
    "status" : "generated",
    "div" : "<div xmlns=\"http://www.w3.org/1999/xhtml\"><div style=\"display: inline-block; background-color: #d9e0e7; padding: 6px; margin: 4px; border: 1px solid #8da1b4; border-radius: 5px; line-height: 60%\"><p style=\"margin-bottom: 0px\">Profile: <a href=\"StructureDefinition-Observation-cancer-stage-twpas.html\">癌症分期量表-Observation Cancer Stage TWPAS</a></p></div><p><b>狀態</b>：final</p><p><b>癌症分期量表項目</b>：FIGO stage for gynaecological malignancy <span style=\"background: LightGoldenRodYellow; margin: 4px; border: 1px solid khaki\">(<a href=\"http://snomed.info/sct/\">SCT + NHI-癌症分期量表項目值集</a>#385361009)</span></p><p><b>病人</b>：<a href=\"Patient-pat-min.html\">Patient/pat-min</a></p><p><b>癌症分期量表評估日期</b>：2024-05-07</p><p><b>簽發癌症分期報告醫師</b>：<a href=\"Practitioner-pra-min.html\">Practitioner/pra-min</a></p><p><b>癌症分期分數或結果</b>：FIGO Stage I <span style=\"background: LightGoldenRodYellow; margin: 4px; border: 1px solid khaki\">(<a href=\"CodeSystem-nci-thesaurus.html\">NCI Thesaurus</a>#C96244)</span></p></div>"
  },
  "status" : "final",
  "category" : [{
    "coding" : [{
      "system" : "https://nhicore.nhi.gov.tw/pas/CodeSystem/nhi-supporting-info-type",
      "code" : "cancerStage"
    }]
  }],
  "code" : {
    "coding" : [{
      "system" : "http://snomed.info/sct",
      "code" : "385361009"
    }]
  },
  "subject" : {
    "reference" : "Patient/pat-min"
  },
  "effectiveDateTime" : "2024-05-07",
  "performer" : [{
    "reference" : "Practitioner/pra-min"
  }],
  "valueCodeableConcept" : {
    "coding" : [{
      "system" : "https://nhicore.nhi.gov.tw/pas/CodeSystem/nci-thesaurus",
      "code" : "C96244"
    }]
  }
}