{
  "resourceType" : "Organization",
  "id" : "org-hosp-example",
  "meta" : {
    "profile" : ["https://nhicore.nhi.gov.tw/pas/StructureDefinition/Organization-twpas"]
  },
  "text" : {
    "status" : "generated",
    "div" : "<div xmlns=\"http://www.w3.org/1999/xhtml\"><h3><b>醫事機構</b></h3><div style=\"display: inline-block; background-color: #d9e0e7; padding: 6px; margin: 4px; border: 1px solid #8da1b4; border-radius: 5px; line-height: 60%\"><p style=\"margin-bottom: 0px\">Profile: <a href=\"StructureDefinition-Organization-twpas.html\">機構-Organization TWPAS</a></p></div><p><b>機構名稱</b>：臺北市立聯合醫院</p><p><b>識別碼型別</b>：Provider number<span style=\"background: LightGoldenRodYellow; margin: 4px; border: 1px solid khaki\">（ <a href=\"http://terminology.hl7.org/CodeSystem/v2-0203\">IdentifierType</a>#PRN）</span><br/><b>機構代碼（official）</b>：0101090517 (https://nhicore.nhi.gov.tw/pas/CodeSystem/organization-identifier-tw)</p><p><b>機構種類</b>：Healthcare Provider <span style=\"background: LightGoldenRodYellow; margin: 4px; border: 1px solid khaki\">( <a href=\"http://hl7.org/fhir/R4/codesystem-organization-type.html\">OrganizationType</a>#prov)</span></p></div>"
  },
  "identifier" : [{
    "use" : "official",
    "type" : {
      "coding" : [{
        "system" : "http://terminology.hl7.org/CodeSystem/v2-0203",
        "code" : "PRN"
      }]
    },
    "system" : "https://nhicore.nhi.gov.tw/pas/CodeSystem/organization-identifier-tw",
    "value" : "0101090517"
  }],
  "type" : [{
    "coding" : [{
      "system" : "http://terminology.hl7.org/CodeSystem/organization-type",
      "code" : "prov"
    }]
  }],
  "name" : "臺北市立聯合醫院"
}