{
  "resourceType" : "Practitioner",
  "id" : "pra-min",
  "meta" : {
    "profile" : ["https://nhicore.nhi.gov.tw/pas/StructureDefinition/Practitioner-twpas"]
  },
  "text" : {
    "status" : "generated",
    "div" : "<div xmlns=\"http://www.w3.org/1999/xhtml\"><div style=\"display: inline-block; background-color: #d9e0e7; padding: 6px; margin: 4px; border: 1px solid #8da1b4; border-radius: 5px; line-height: 60%\"><p style=\"margin-bottom: 0px\">Profile: <a href=\"StructureDefinition-Practitioner-twpas.html\">醫事人員-Practitioner TWPAS</a></p></div><p><b>識別碼型別</b>：National Person Identifier <span style=\"background: LightGoldenRodYellow; margin: 4px; border: 1px solid khaki\">（ <a href=\"http://terminology.hl7.org/CodeSystem/v2-0203\">Identifier Type Codes</a>#NNxxx）</span></p><p><b>身分證字號（official）</b>：F123456789 （http://www.moi.gov.tw）</p></div>"
  },
  "identifier" : [{
    "type" : {
      "coding" : [{
        "system" : "http://terminology.hl7.org/CodeSystem/v2-0203",
        "code" : "NNxxx"
      }]
    },
    "system" : "http://www.moi.gov.tw",
    "value" : "F123456789"
  }]
}