{
  "resourceType" : "Substance",
  "id" : "sub-min",
  "meta" : {
    "profile" : ["https://nhicore.nhi.gov.tw/pas/StructureDefinition/Substance-twpas"]
  },
  "text" : {
    "status" : "generated",
    "div" : "<div xmlns=\"http://www.w3.org/1999/xhtml\"><div style=\"display: inline-block; background-color: #d9e0e7; padding: 6px; margin: 4px; border: 1px solid #8da1b4;\n        border-radius: 5px; line-height: 60%\"><p style=\"margin-bottom: 0px\">Profile: <a href=\"StructureDefinition-Substance-twpas.html\">放射治療總劑量-Substance TWPAS</a></p></div><p><b>放射治療項目</b>：骨髓高溫療法 <span style=\"background: LightGoldenRodYellow; margin: 4px; border: 1px solid khaki\">(<a href=\"https://twcore.mohw.gov.tw/ig/twcore/0.3.2/CodeSystem-icd-10-pcs-2023-tw.html\">臺灣2023年中文版ICD-10-PCS</a>#D7Y08ZZ)</span></p><p><b>放射治療總劑量(單位)</b>：5000 (/mg)</p></div>"
  },
  "code" : {
    "coding" : [{
      "system" : "https://twcore.mohw.gov.tw/ig/twcore/CodeSystem/icd-10-pcs-2023-tw",
      "code" : "D7Y08ZZ"
    }]
  },
  "ingredient" : [{
    "quantity" : {
      "numerator" : {
        "value" : 5000,
        "system" : "http://unitsofmeasure.org",
        "code" : "mg"
      },
      "denominator" : {
        "value" : 0
      }
    },
    "substanceCodeableConcept" : {
      "coding" : [{
        "system" : "https://twcore.mohw.gov.tw/ig/twcore/CodeSystem/icd-10-pcs-2023-tw",
        "code" : "D7Y08ZZ"
      }]
    }
  }]
}