{"resourceType":"CodeSystem","id":"nhi-apply-side","text":{"status":"generated","div":"<div xmlns=\"http://www.w3.org/1999/xhtml\"><p class=\"res-header-id\"><b>Generated Narrative: CodeSystem nhi-apply-side</b></p><a name=\"nhi-apply-side\"> </a><a name=\"hcnhi-apply-side\"> </a><p>This case-sensitive code system <code>https://nhicore.nhi.gov.tw/pas/CodeSystem/nhi-apply-side</code> defines the following codes:</p><table class=\"codes\"><tr><td style=\"white-space:nowrap\"><b>Code</b></td><td><b>Display</b></td></tr><tr><td style=\"white-space:nowrap\">R<a name=\"nhi-apply-side-R\"> </a></td><td>右側</td></tr><tr><td style=\"white-space:nowrap\">L<a name=\"nhi-apply-side-L\"> </a></td><td>左側</td></tr><tr><td style=\"white-space:nowrap\">B<a name=\"nhi-apply-side-B\"> </a></td><td>兩側</td></tr></table></div>"},"url":"https://nhicore.nhi.gov.tw/pas/CodeSystem/nhi-apply-side","version":"1.0.6","name":"NHIApplySide","title":"NHI-健保事前審查-申請部位","status":"active","experimental":false,"date":"2025-07-01","publisher":"衛生福利部中央健康保險署","contact":[{"name":"衛生福利部中央健康保險署","telecom":[{"system":"url","value":"https://www.nhi.gov.tw"}]}],"description":"臺灣衛生福利部中央健康保險署「申請部位」代碼，代碼出版日期：2025-07-01；資料所屬單位：臺灣衛生福利部中央健康保險署。","caseSensitive":true,"content":"complete","count":3,"concept":[{"code":"R","display":"右側","designation":[{"use":{"system":"http://terminology.hl7.org/CodeSystem/designation-usage","code":"display"},"value":"右側"}]},{"code":"L","display":"左側","designation":[{"use":{"system":"http://terminology.hl7.org/CodeSystem/designation-usage","code":"display"},"value":"左側"}]},{"code":"B","display":"兩側","designation":[{"use":{"system":"http://terminology.hl7.org/CodeSystem/designation-usage","code":"display"},"value":"兩側"}]}]}