{"resourceType":"CodeSystem","id":"nci-thesaurus","text":{"status":"generated","div":"<div xmlns=\"http://www.w3.org/1999/xhtml\"><p class=\"res-header-id\"><b>Generated Narrative: CodeSystem nci-thesaurus</b></p><a name=\"nci-thesaurus\"> </a><a name=\"hcnci-thesaurus\"> </a><p>This case-sensitive code system <code>https://nhicore.nhi.gov.tw/pas/CodeSystem/nci-thesaurus</code> defines the following codes:</p><table class=\"codes\"><tr><td style=\"white-space:nowrap\"><b>Code</b></td><td><b>Display</b></td></tr><tr><td style=\"white-space:nowrap\">C96243<a name=\"nci-thesaurus-C96243\"> </a></td><td>FIGO Stage 0</td></tr><tr><td style=\"white-space:nowrap\">C96244<a name=\"nci-thesaurus-C96244\"> </a></td><td>FIGO Stage I</td></tr><tr><td style=\"white-space:nowrap\">C96245<a name=\"nci-thesaurus-C96245\"> </a></td><td>FIGO Stage IA</td></tr><tr><td style=\"white-space:nowrap\">C96246<a name=\"nci-thesaurus-C96246\"> </a></td><td>FIGO Stage IA1</td></tr><tr><td style=\"white-space:nowrap\">C96247<a name=\"nci-thesaurus-C96247\"> </a></td><td>FIGO Stage IA2</td></tr><tr><td style=\"white-space:nowrap\">C96248<a name=\"nci-thesaurus-C96248\"> </a></td><td>FIGO Stage IB</td></tr><tr><td style=\"white-space:nowrap\">C96249<a name=\"nci-thesaurus-C96249\"> </a></td><td>FIGO Stage IB1</td></tr><tr><td style=\"white-space:nowrap\">C96250<a name=\"nci-thesaurus-C96250\"> </a></td><td>FIGO Stage IB2</td></tr><tr><td style=\"white-space:nowrap\">C162222<a name=\"nci-thesaurus-C162222\"> </a></td><td>FIGO Stage IB3</td></tr><tr><td style=\"white-space:nowrap\">C96251<a name=\"nci-thesaurus-C96251\"> </a></td><td>FIGO Stage IC</td></tr><tr><td style=\"white-space:nowrap\">C128099<a name=\"nci-thesaurus-C128099\"> </a></td><td>FIGO Stage IC1</td></tr><tr><td style=\"white-space:nowrap\">C128100<a name=\"nci-thesaurus-C128100\"> </a></td><td>FIGO Stage IC2</td></tr><tr><td style=\"white-space:nowrap\">C128101<a name=\"nci-thesaurus-C128101\"> </a></td><td>FIGO Stage IC3</td></tr><tr><td style=\"white-space:nowrap\">C96252<a name=\"nci-thesaurus-C96252\"> </a></td><td>FIGO Stage II</td></tr><tr><td style=\"white-space:nowrap\">C96253<a name=\"nci-thesaurus-C96253\"> </a></td><td>FIGO Stage IIA</td></tr><tr><td style=\"white-space:nowrap\">C162223<a name=\"nci-thesaurus-C162223\"> </a></td><td>FIGO Stage IIA1</td></tr><tr><td style=\"white-space:nowrap\">C128103<a name=\"nci-thesaurus-C128103\"> </a></td><td>FIGO Stage IIA1(i)</td></tr><tr><td style=\"white-space:nowrap\">C128104<a name=\"nci-thesaurus-C128104\"> </a></td><td>FIGO Stage IIA1(ii)</td></tr><tr><td style=\"white-space:nowrap\">C162224<a name=\"nci-thesaurus-C162224\"> </a></td><td>FIGO Stage IIA2</td></tr><tr><td style=\"white-space:nowrap\">C96254<a name=\"nci-thesaurus-C96254\"> </a></td><td>FIGO Stage IIB</td></tr><tr><td style=\"white-space:nowrap\">C188300<a name=\"nci-thesaurus-C188300\"> </a></td><td>FIGO Stage IIC1</td></tr><tr><td style=\"white-space:nowrap\">C96255<a name=\"nci-thesaurus-C96255\"> </a></td><td>FIGO Stage III</td></tr><tr><td style=\"white-space:nowrap\">C96256<a name=\"nci-thesaurus-C96256\"> </a></td><td>FIGO Stage IIIA</td></tr><tr><td style=\"white-space:nowrap\">C128102<a name=\"nci-thesaurus-C128102\"> </a></td><td>FIGO Stage IIIA1</td></tr><tr><td style=\"white-space:nowrap\">C128105<a name=\"nci-thesaurus-C128105\"> </a></td><td>FIGO Stage IIIA2</td></tr><tr><td style=\"white-space:nowrap\">C96257<a name=\"nci-thesaurus-C96257\"> </a></td><td>FIGO Stage IIIB</td></tr><tr><td style=\"white-space:nowrap\">C96258<a name=\"nci-thesaurus-C96258\"> </a></td><td>FIGO Stage IIIC</td></tr><tr><td style=\"white-space:nowrap\">C96259<a name=\"nci-thesaurus-C96259\"> </a></td><td>FIGO Stage IIIC1</td></tr><tr><td style=\"white-space:nowrap\">C96260<a name=\"nci-thesaurus-C96260\"> </a></td><td>FIGO Stage IIIC2</td></tr><tr><td style=\"white-space:nowrap\">C96261<a name=\"nci-thesaurus-C96261\"> </a></td><td>FIGO Stage IV</td></tr><tr><td style=\"white-space:nowrap\">C96262<a name=\"nci-thesaurus-C96262\"> </a></td><td>FIGO Stage IVA</td></tr><tr><td style=\"white-space:nowrap\">C96263<a name=\"nci-thesaurus-C96263\"> </a></td><td>FIGO Stage IVB</td></tr><tr><td style=\"white-space:nowrap\">C139007<a name=\"nci-thesaurus-C139007\"> </a></td><td>Myeloma ISS Stage</td></tr><tr><td style=\"white-space:nowrap\">C141392<a name=\"nci-thesaurus-C141392\"> </a></td><td>Myeloma RISS Stage</td></tr><tr><td style=\"white-space:nowrap\">C133427<a name=\"nci-thesaurus-C133427\"> </a></td><td>Neuroblastoma INRGSS Stage</td></tr><tr><td style=\"white-space:nowrap\">C115134<a name=\"nci-thesaurus-C115134\"> </a></td><td>BCLC Stage</td></tr><tr><td style=\"white-space:nowrap\">C139006<a name=\"nci-thesaurus-C139006\"> </a></td><td>Durie/Salmon Stage (DSS)</td></tr><tr><td style=\"white-space:nowrap\">C141099<a name=\"nci-thesaurus-C141099\"> </a></td><td>ENSAT Stage</td></tr><tr><td style=\"white-space:nowrap\">C28067<a name=\"nci-thesaurus-C28067\"> </a></td><td>Hepatoblastoma Stage</td></tr><tr><td style=\"white-space:nowrap\">C141147<a name=\"nci-thesaurus-C141147\"> </a></td><td>Lugano Stage</td></tr><tr><td style=\"white-space:nowrap\">C143151<a name=\"nci-thesaurus-C143151\"> </a></td><td>Masaoka-Koga Stage</td></tr><tr><td style=\"white-space:nowrap\">C146847<a name=\"nci-thesaurus-C146847\"> </a></td><td>Mediastinal Malignant Germ Cell Tumor Stage</td></tr><tr><td style=\"white-space:nowrap\">C123333<a name=\"nci-thesaurus-C123333\"> </a></td><td>Reese-Ellsworth Staging System</td></tr><tr><td style=\"white-space:nowrap\">C198826<a name=\"nci-thesaurus-C198826\"> </a></td><td>Modified Chang's Staging of Medulloblastoma</td></tr></table></div>"},"url":"https://nhicore.nhi.gov.tw/pas/CodeSystem/nci-thesaurus","version":"1.0.6","name":"NciThesaurus","title":"NCI 健保事前審查-Thesaurus","status":"active","experimental":false,"date":"2025-07-01","publisher":"衛生福利部中央健康保險署","contact":[{"name":"衛生福利部中央健康保險署","telecom":[{"system":"url","value":"https://www.nhi.gov.tw"}]}],"description":"NCI 健保事前審查-Thesaurus，參照至http://ncicb.nci.nih.gov/xml/owl/EVS/Thesaurus.owl  \n代碼出版日期：2022-10-13。","caseSensitive":true,"content":"complete","count":44,"concept":[{"code":"C96243","display":"FIGO Stage 0","designation":[{"use":{"system":"http://terminology.hl7.org/CodeSystem/designation-usage","code":"display"},"value":"FIGO Stage 0"},{"use":{"system":"http://terminology.hl7.org/CodeSystem/designation-usage","code":"display"},"value":"FIGO Stage 0"}]},{"code":"C96244","display":"FIGO Stage I","designation":[{"use":{"system":"http://terminology.hl7.org/CodeSystem/designation-usage","code":"display"},"value":"FIGO Stage I"},{"use":{"system":"http://terminology.hl7.org/CodeSystem/designation-usage","code":"display"},"value":"FIGO Stage I"}]},{"code":"C96245","display":"FIGO Stage IA","designation":[{"use":{"system":"http://terminology.hl7.org/CodeSystem/designation-usage","code":"display"},"value":"FIGO Stage IA"},{"use":{"system":"http://terminology.hl7.org/CodeSystem/designation-usage","code":"display"},"value":"FIGO Stage IA"}]},{"code":"C96246","display":"FIGO Stage IA1","designation":[{"use":{"system":"http://terminology.hl7.org/CodeSystem/designation-usage","code":"display"},"value":"FIGO Stage IA1"},{"use":{"system":"http://terminology.hl7.org/CodeSystem/designation-usage","code":"display"},"value":"FIGO Stage IA1"}]},{"code":"C96247","display":"FIGO Stage IA2","designation":[{"use":{"system":"http://terminology.hl7.org/CodeSystem/designation-usage","code":"display"},"value":"FIGO Stage IA2"},{"use":{"system":"http://terminology.hl7.org/CodeSystem/designation-usage","code":"display"},"value":"FIGO Stage IA2"}]},{"code":"C96248","display":"FIGO Stage IB","designation":[{"use":{"system":"http://terminology.hl7.org/CodeSystem/designation-usage","code":"display"},"value":"FIGO Stage IB"},{"use":{"system":"http://terminology.hl7.org/CodeSystem/designation-usage","code":"display"},"value":"FIGO Stage IB"}]},{"code":"C96249","display":"FIGO Stage IB1","designation":[{"use":{"system":"http://terminology.hl7.org/CodeSystem/designation-usage","code":"display"},"value":"FIGO Stage IB1"},{"use":{"system":"http://terminology.hl7.org/CodeSystem/designation-usage","code":"display"},"value":"FIGO Stage IB1"}]},{"code":"C96250","display":"FIGO Stage IB2","designation":[{"use":{"system":"http://terminology.hl7.org/CodeSystem/designation-usage","code":"display"},"value":"FIGO Stage IB2"},{"use":{"system":"http://terminology.hl7.org/CodeSystem/designation-usage","code":"display"},"value":"FIGO Stage IB2"}]},{"code":"C162222","display":"FIGO Stage IB3","designation":[{"use":{"system":"http://terminology.hl7.org/CodeSystem/designation-usage","code":"display"},"value":"FIGO Stage IB3"},{"use":{"system":"http://terminology.hl7.org/CodeSystem/designation-usage","code":"display"},"value":"FIGO Stage IB3"}]},{"code":"C96251","display":"FIGO Stage IC","designation":[{"use":{"system":"http://terminology.hl7.org/CodeSystem/designation-usage","code":"display"},"value":"FIGO Stage IC"},{"use":{"system":"http://terminology.hl7.org/CodeSystem/designation-usage","code":"display"},"value":"FIGO Stage IC"}]},{"code":"C128099","display":"FIGO Stage IC1","designation":[{"use":{"system":"http://terminology.hl7.org/CodeSystem/designation-usage","code":"display"},"value":"FIGO Stage IC1"},{"use":{"system":"http://terminology.hl7.org/CodeSystem/designation-usage","code":"display"},"value":"FIGO Stage IC1"}]},{"code":"C128100","display":"FIGO Stage IC2","designation":[{"use":{"system":"http://terminology.hl7.org/CodeSystem/designation-usage","code":"display"},"value":"FIGO Stage IC2"},{"use":{"system":"http://terminology.hl7.org/CodeSystem/designation-usage","code":"display"},"value":"FIGO Stage IC2"}]},{"code":"C128101","display":"FIGO Stage IC3","designation":[{"use":{"system":"http://terminology.hl7.org/CodeSystem/designation-usage","code":"display"},"value":"FIGO Stage IC3"},{"use":{"system":"http://terminology.hl7.org/CodeSystem/designation-usage","code":"display"},"value":"FIGO Stage IC3"}]},{"code":"C96252","display":"FIGO Stage II","designation":[{"use":{"system":"http://terminology.hl7.org/CodeSystem/designation-usage","code":"display"},"value":"FIGO Stage II"},{"use":{"system":"http://terminology.hl7.org/CodeSystem/designation-usage","code":"display"},"value":"FIGO Stage II"}]},{"code":"C96253","display":"FIGO Stage IIA","designation":[{"use":{"system":"http://terminology.hl7.org/CodeSystem/designation-usage","code":"display"},"value":"FIGO Stage IIA"},{"use":{"system":"http://terminology.hl7.org/CodeSystem/designation-usage","code":"display"},"value":"FIGO Stage IIA"}]},{"code":"C162223","display":"FIGO Stage IIA1","designation":[{"use":{"system":"http://terminology.hl7.org/CodeSystem/designation-usage","code":"display"},"value":"FIGO Stage IIA1"},{"use":{"system":"http://terminology.hl7.org/CodeSystem/designation-usage","code":"display"},"value":"FIGO Stage IIA1"}]},{"code":"C128103","display":"FIGO Stage IIA1(i)","designation":[{"use":{"system":"http://terminology.hl7.org/CodeSystem/designation-usage","code":"display"},"value":"FIGO Stage IIA1(i)"},{"use":{"system":"http://terminology.hl7.org/CodeSystem/designation-usage","code":"display"},"value":"FIGO Stage IIA1(i)"}]},{"code":"C128104","display":"FIGO Stage IIA1(ii)","designation":[{"use":{"system":"http://terminology.hl7.org/CodeSystem/designation-usage","code":"display"},"value":"FIGO Stage IIA1(ii)"},{"use":{"system":"http://terminology.hl7.org/CodeSystem/designation-usage","code":"display"},"value":"FIGO Stage IIA1(ii)"}]},{"code":"C162224","display":"FIGO Stage IIA2","designation":[{"use":{"system":"http://terminology.hl7.org/CodeSystem/designation-usage","code":"display"},"value":"FIGO Stage IIA2"},{"use":{"system":"http://terminology.hl7.org/CodeSystem/designation-usage","code":"display"},"value":"FIGO Stage IIA2"}]},{"code":"C96254","display":"FIGO Stage IIB","designation":[{"use":{"system":"http://terminology.hl7.org/CodeSystem/designation-usage","code":"display"},"value":"FIGO Stage IIB"},{"use":{"system":"http://terminology.hl7.org/CodeSystem/designation-usage","code":"display"},"value":"FIGO Stage IIB"}]},{"code":"C188300","display":"FIGO Stage IIC1","designation":[{"use":{"system":"http://terminology.hl7.org/CodeSystem/designation-usage","code":"display"},"value":"FIGO Stage IIC1"},{"use":{"system":"http://terminology.hl7.org/CodeSystem/designation-usage","code":"display"},"value":"FIGO Stage IIC1"}]},{"code":"C96255","display":"FIGO Stage III","designation":[{"use":{"system":"http://terminology.hl7.org/CodeSystem/designation-usage","code":"display"},"value":"FIGO Stage III"},{"use":{"system":"http://terminology.hl7.org/CodeSystem/designation-usage","code":"display"},"value":"FIGO Stage III"}]},{"code":"C96256","display":"FIGO Stage IIIA","designation":[{"use":{"system":"http://terminology.hl7.org/CodeSystem/designation-usage","code":"display"},"value":"FIGO Stage IIIA"},{"use":{"system":"http://terminology.hl7.org/CodeSystem/designation-usage","code":"display"},"value":"FIGO Stage IIIA"}]},{"code":"C128102","display":"FIGO Stage IIIA1","designation":[{"use":{"system":"http://terminology.hl7.org/CodeSystem/designation-usage","code":"display"},"value":"FIGO Stage IIIA1"},{"use":{"system":"http://terminology.hl7.org/CodeSystem/designation-usage","code":"display"},"value":"FIGO Stage IIIA1"}]},{"code":"C128105","display":"FIGO Stage IIIA2","designation":[{"use":{"system":"http://terminology.hl7.org/CodeSystem/designation-usage","code":"display"},"value":"FIGO Stage IIIA2"},{"use":{"system":"http://terminology.hl7.org/CodeSystem/designation-usage","code":"display"},"value":"FIGO Stage IIIA2"}]},{"code":"C96257","display":"FIGO Stage IIIB","designation":[{"use":{"system":"http://terminology.hl7.org/CodeSystem/designation-usage","code":"display"},"value":"FIGO Stage IIIB"},{"use":{"system":"http://terminology.hl7.org/CodeSystem/designation-usage","code":"display"},"value":"FIGO Stage IIIB"}]},{"code":"C96258","display":"FIGO Stage IIIC","designation":[{"use":{"system":"http://terminology.hl7.org/CodeSystem/designation-usage","code":"display"},"value":"FIGO Stage IIIC"},{"use":{"system":"http://terminology.hl7.org/CodeSystem/designation-usage","code":"display"},"value":"FIGO Stage IIIC"}]},{"code":"C96259","display":"FIGO Stage IIIC1","designation":[{"use":{"system":"http://terminology.hl7.org/CodeSystem/designation-usage","code":"display"},"value":"FIGO Stage IIIC1"},{"use":{"system":"http://terminology.hl7.org/CodeSystem/designation-usage","code":"display"},"value":"FIGO Stage IIIC1"}]},{"code":"C96260","display":"FIGO Stage IIIC2","designation":[{"use":{"system":"http://terminology.hl7.org/CodeSystem/designation-usage","code":"display"},"value":"FIGO Stage IIIC2"},{"use":{"system":"http://terminology.hl7.org/CodeSystem/designation-usage","code":"display"},"value":"FIGO Stage IIIC2"}]},{"code":"C96261","display":"FIGO Stage IV","designation":[{"use":{"system":"http://terminology.hl7.org/CodeSystem/designation-usage","code":"display"},"value":"FIGO Stage IV"},{"use":{"system":"http://terminology.hl7.org/CodeSystem/designation-usage","code":"display"},"value":"FIGO Stage IV"}]},{"code":"C96262","display":"FIGO Stage IVA","designation":[{"use":{"system":"http://terminology.hl7.org/CodeSystem/designation-usage","code":"display"},"value":"FIGO Stage IVA"},{"use":{"system":"http://terminology.hl7.org/CodeSystem/designation-usage","code":"display"},"value":"FIGO Stage IVA"}]},{"code":"C96263","display":"FIGO Stage IVB","designation":[{"use":{"system":"http://terminology.hl7.org/CodeSystem/designation-usage","code":"display"},"value":"FIGO Stage IVB"},{"use":{"system":"http://terminology.hl7.org/CodeSystem/designation-usage","code":"display"},"value":"FIGO Stage IVB"}]},{"code":"C139007","display":"Myeloma ISS Stage","designation":[{"use":{"system":"http://terminology.hl7.org/CodeSystem/designation-usage","code":"display"},"value":"Myeloma ISS Stage"},{"use":{"system":"http://terminology.hl7.org/CodeSystem/designation-usage","code":"display"},"value":"Myeloma ISS Stage"}]},{"code":"C141392","display":"Myeloma RISS Stage","designation":[{"use":{"system":"http://terminology.hl7.org/CodeSystem/designation-usage","code":"display"},"value":"Myeloma RISS Stage"},{"use":{"system":"http://terminology.hl7.org/CodeSystem/designation-usage","code":"display"},"value":"Myeloma RISS Stage"}]},{"code":"C133427","display":"Neuroblastoma INRGSS Stage","designation":[{"use":{"system":"http://terminology.hl7.org/CodeSystem/designation-usage","code":"display"},"value":"Neuroblastoma INRGSS Stage"},{"use":{"system":"http://terminology.hl7.org/CodeSystem/designation-usage","code":"display"},"value":"Neuroblastoma INRGSS Stage"}]},{"code":"C115134","display":"BCLC Stage","designation":[{"use":{"system":"http://terminology.hl7.org/CodeSystem/designation-usage","code":"display"},"value":"BCLC Stage"},{"use":{"system":"http://terminology.hl7.org/CodeSystem/designation-usage","code":"display"},"value":"BCLC Stage"}]},{"code":"C139006","display":"Durie/Salmon Stage (DSS)","designation":[{"use":{"system":"http://terminology.hl7.org/CodeSystem/designation-usage","code":"display"},"value":"Durie/Salmon Stage (DSS)"},{"use":{"system":"http://terminology.hl7.org/CodeSystem/designation-usage","code":"display"},"value":"Durie/Salmon Stage (DSS)"}]},{"code":"C141099","display":"ENSAT Stage","designation":[{"use":{"system":"http://terminology.hl7.org/CodeSystem/designation-usage","code":"display"},"value":"ENSAT Stage"},{"use":{"system":"http://terminology.hl7.org/CodeSystem/designation-usage","code":"display"},"value":"ENSAT Stage"}]},{"code":"C28067","display":"Hepatoblastoma Stage","designation":[{"use":{"system":"http://terminology.hl7.org/CodeSystem/designation-usage","code":"display"},"value":"Hepatoblastoma Stage"},{"use":{"system":"http://terminology.hl7.org/CodeSystem/designation-usage","code":"display"},"value":"Hepatoblastoma Stage"}]},{"code":"C141147","display":"Lugano Stage","designation":[{"use":{"system":"http://terminology.hl7.org/CodeSystem/designation-usage","code":"display"},"value":"Lugano Stage"},{"use":{"system":"http://terminology.hl7.org/CodeSystem/designation-usage","code":"display"},"value":"Lugano Stage"}]},{"code":"C143151","display":"Masaoka-Koga Stage","designation":[{"use":{"system":"http://terminology.hl7.org/CodeSystem/designation-usage","code":"display"},"value":"Masaoka-Koga Stage"},{"use":{"system":"http://terminology.hl7.org/CodeSystem/designation-usage","code":"display"},"value":"Masaoka-Koga Stage"}]},{"code":"C146847","display":"Mediastinal Malignant Germ Cell Tumor Stage","designation":[{"use":{"system":"http://terminology.hl7.org/CodeSystem/designation-usage","code":"display"},"value":"Mediastinal Malignant Germ Cell Tumor Stage"},{"use":{"system":"http://terminology.hl7.org/CodeSystem/designation-usage","code":"display"},"value":"Mediastinal Malignant Germ Cell Tumor Stage"}]},{"code":"C123333","display":"Reese-Ellsworth Staging System","designation":[{"use":{"system":"http://terminology.hl7.org/CodeSystem/designation-usage","code":"display"},"value":"Reese-Ellsworth Staging System"},{"use":{"system":"http://terminology.hl7.org/CodeSystem/designation-usage","code":"display"},"value":"Reese-Ellsworth Staging System"}]},{"code":"C198826","display":"Modified Chang's Staging of Medulloblastoma","designation":[{"use":{"system":"http://terminology.hl7.org/CodeSystem/designation-usage","code":"display"},"value":"Modified Chang's Staging of Medulloblastoma"},{"use":{"system":"http://terminology.hl7.org/CodeSystem/designation-usage","code":"display"},"value":"Modified Chang's Staging of Medulloblastoma"}]}]}