{"resourceType":"CodeSystem","id":"nhi-tmhb-type","text":{"status":"generated","div":"<div xmlns=\"http://www.w3.org/1999/xhtml\"><p class=\"res-header-id\"><b>Generated Narrative: CodeSystem nhi-tmhb-type</b></p><a name=\"nhi-tmhb-type\"> </a><a name=\"hcnhi-tmhb-type\"> </a><p>This case-sensitive code system <code>https://nhicore.nhi.gov.tw/pas/CodeSystem/nhi-tmhb-type</code> defines the following codes:</p><table class=\"codes\"><tr><td style=\"white-space:nowrap\"><b>Code</b></td><td><b>Display</b></td></tr><tr><td style=\"white-space:nowrap\">1<a name=\"nhi-tmhb-type-1\"> </a></td><td>一般事前審查申請</td></tr><tr><td style=\"white-space:nowrap\">3<a name=\"nhi-tmhb-type-3\"> </a></td><td>自主審查報備</td></tr><tr><td style=\"white-space:nowrap\">4<a name=\"nhi-tmhb-type-4\"> </a></td><td>緊急報備</td></tr></table></div>"},"url":"https://nhicore.nhi.gov.tw/pas/CodeSystem/nhi-tmhb-type","version":"1.0.6","name":"NHITMHBType","title":"NHI-健保事前審查-申請案件類別","status":"active","experimental":false,"date":"2025-07-01","publisher":"衛生福利部中央健康保險署","contact":[{"name":"衛生福利部中央健康保險署","telecom":[{"system":"url","value":"https://www.nhi.gov.tw"}]}],"description":"臺灣衛生福利部中央健康保險署「申請案件類別」代碼，代碼出版日期：2025-07-01；資料所屬單位：臺灣衛生福利部中央健康保險署。","caseSensitive":true,"content":"complete","count":3,"concept":[{"code":"1","display":"一般事前審查申請","designation":[{"use":{"system":"http://terminology.hl7.org/CodeSystem/designation-usage","code":"display"},"value":"一般事前審查申請"}]},{"code":"3","display":"自主審查報備","designation":[{"use":{"system":"http://terminology.hl7.org/CodeSystem/designation-usage","code":"display"},"value":"自主審查報備"}]},{"code":"4","display":"緊急報備","designation":[{"use":{"system":"http://terminology.hl7.org/CodeSystem/designation-usage","code":"display"},"value":"緊急報備"}]}]}