{"resourceType":"SearchParameter","id":"ClaimResponse-request","text":{"status":"generated","div":"<div xmlns=\"http://www.w3.org/1999/xhtml\"><p class=\"res-header-id\"><b>Generated Narrative: SearchParameter ClaimResponse-request</b></p><a name=\"ClaimResponse-request\"> </a><a name=\"hcClaimResponse-request\"> </a><h2>ClaimResponseRequest</h2><p>Parameter <code>request</code>:<code>reference</code></p><div><p>事前審查回覆(ClaimResponse)關聯的事前審查(Claim)</p>\n</div><table class=\"grid\"><tr><td>Resource</td><td><a href=\"http://hl7.org/fhir/R4/claimresponse.html\">ClaimResponse</a></td></tr><tr><td>Expression</td><td><code>ClaimResponse.request</code></td></tr><tr><td>Multiples</td><td><ul><li>multipleAnd: It's up to the server whether the parameter may repeat in order to specify multiple values that must all be true</li><li>multipleOr: It's up to the server whether the parameter can have multiple values (separated by comma) where at least one must be true</li></ul></td></tr><tr><td>Chains</td><td>Allowed: identifier, patient, func-type</td></tr></table></div>"},"url":"https://nhicore.nhi.gov.tw/pas/SearchParameter/ClaimResponse-request","version":"1.0.6","name":"ClaimResponseRequest","status":"active","date":"2024-08-31","publisher":"衛生福利部中央健康保險署","contact":[{"name":"衛生福利部中央健康保險署","telecom":[{"system":"url","value":"https://www.nhi.gov.tw"}]}],"description":"事前審查回覆(ClaimResponse)關聯的事前審查(Claim)","code":"request","base":["ClaimResponse"],"type":"reference","expression":"ClaimResponse.request","chain":["identifier","patient","func-type"]}