{"resourceType":"SearchParameter","id":"ClaimResponse-created","text":{"status":"generated","div":"<div xmlns=\"http://www.w3.org/1999/xhtml\"><p class=\"res-header-id\"><b>Generated Narrative: SearchParameter ClaimResponse-created</b></p><a name=\"ClaimResponse-created\"> </a><a name=\"hcClaimResponse-created\"> </a><h2>ClaimResponseCreated</h2><p>Parameter <code>created</code>:<code>date</code></p><div><p>事前審查回覆(ClaimResponse)的受理日期或核定日期(Claim)</p>\n</div><table class=\"grid\"><tr><td>Resource</td><td><a href=\"http://hl7.org/fhir/R4/claimresponse.html\">ClaimResponse</a></td></tr><tr><td>Expression</td><td><code>ClaimResponse.created</code></td></tr><tr><td>Multiples</td><td><ul><li>multipleAnd: It's up to the server whether the parameter may repeat in order to specify multiple values that must all be true</li><li>multipleOr: It's up to the server whether the parameter can have multiple values (separated by comma) where at least one must be true</li></ul></td></tr></table></div>"},"url":"https://nhicore.nhi.gov.tw/pas/SearchParameter/ClaimResponse-created","version":"1.0.6","name":"ClaimResponseCreated","status":"active","date":"2024-08-31","publisher":"衛生福利部中央健康保險署","contact":[{"name":"衛生福利部中央健康保險署","telecom":[{"system":"url","value":"https://www.nhi.gov.tw"}]}],"description":"事前審查回覆(ClaimResponse)的受理日期或核定日期(Claim)","code":"created","base":["ClaimResponse"],"type":"date","expression":"ClaimResponse.created"}