{"resourceType":"SearchParameter","id":"Patient-identifier","text":{"status":"generated","div":"<div xmlns=\"http://www.w3.org/1999/xhtml\"><p class=\"res-header-id\"><b>Generated Narrative: SearchParameter Patient-identifier</b></p><a name=\"Patient-identifier\"> </a><a name=\"hcPatient-identifier\"> </a><h2>PatientIdentifier</h2><p>Parameter <code>identifier</code>:<code>token</code></p><div><p>病人的身分證號(identifier)</p>\n</div><table class=\"grid\"><tr><td>Resource</td><td><a href=\"http://hl7.org/fhir/R4/patient.html\">Patient</a></td></tr><tr><td>Expression</td><td><code>Patient.identifier</code></td></tr><tr><td>Multiples</td><td><ul><li>multipleAnd: It's up to the server whether the parameter may repeat in order to specify multiple values that must all be true</li><li>multipleOr: It's up to the server whether the parameter can have multiple values (separated by comma) where at least one must be true</li></ul></td></tr></table></div>"},"url":"https://nhicore.nhi.gov.tw/pas/SearchParameter/Patient-identifier","version":"1.0.6","name":"PatientIdentifier","status":"active","date":"2024-08-31","publisher":"衛生福利部中央健康保險署","contact":[{"name":"衛生福利部中央健康保險署","telecom":[{"system":"url","value":"https://www.nhi.gov.tw"}]}],"description":"病人的身分證號(identifier)","code":"identifier","base":["Patient"],"type":"token","expression":"Patient.identifier"}