{"resourceType":"SearchParameter","id":"Bundle-id","text":{"status":"generated","div":"<div xmlns=\"http://www.w3.org/1999/xhtml\"><p class=\"res-header-id\"><b>Generated Narrative: SearchParameter Bundle-id</b></p><a name=\"Bundle-id\"> </a><a name=\"hcBundle-id\"> </a><h2>BundleID</h2><p>Parameter <code>_id</code>:<code>token</code></p><div><p>事前審查(Bundle)的邏輯性ID</p>\n</div><table class=\"grid\"><tr><td>Resource</td><td><a href=\"http://hl7.org/fhir/R4/bundle.html\">Bundle</a></td></tr><tr><td>Expression</td><td><code>Bundle.id</code></td></tr><tr><td>Multiples</td><td><ul><li>multipleAnd: It's up to the server whether the parameter may repeat in order to specify multiple values that must all be true</li><li>multipleOr: It's up to the server whether the parameter can have multiple values (separated by comma) where at least one must be true</li></ul></td></tr></table></div>"},"url":"https://nhicore.nhi.gov.tw/pas/SearchParameter/Bundle-id","version":"1.0.6","name":"BundleID","status":"active","date":"2024-08-31","publisher":"衛生福利部中央健康保險署","contact":[{"name":"衛生福利部中央健康保險署","telecom":[{"system":"url","value":"https://www.nhi.gov.tw"}]}],"description":"事前審查(Bundle)的邏輯性ID","code":"_id","base":["Bundle"],"type":"token","expression":"Bundle.id"}