{"resourceType":"SearchParameter","id":"Patient-name","text":{"status":"generated","div":"<div xmlns=\"http://www.w3.org/1999/xhtml\"><p class=\"res-header-id\"><b>Generated Narrative: SearchParameter Patient-name</b></p><a name=\"Patient-name\"> </a><a name=\"hcPatient-name\"> </a><h2>PatientName</h2><p>Parameter <code>name</code>:<code>string</code></p><div><p>病人的姓名(name)，該查詢可能與 HumanName 中的任何字串匹配，包括完整的中文姓名(text)、英文姓(family)、英文名(given)、姓名前面的頭銜(prefix)、姓名後面的稱謂(suffix)。</p>\n</div><table class=\"grid\"><tr><td>Resource</td><td><a href=\"http://hl7.org/fhir/R4/patient.html\">Patient</a></td></tr><tr><td>Expression</td><td><code>Patient.name</code></td></tr><tr><td>Multiples</td><td><ul><li>multipleAnd: It's up to the server whether the parameter may repeat in order to specify multiple values that must all be true</li><li>multipleOr: It's up to the server whether the parameter can have multiple values (separated by comma) where at least one must be true</li></ul></td></tr></table></div>"},"url":"https://nhicore.nhi.gov.tw/pas/SearchParameter/Patient-name","version":"1.0.6","name":"PatientName","status":"active","date":"2024-08-31","publisher":"衛生福利部中央健康保險署","contact":[{"name":"衛生福利部中央健康保險署","telecom":[{"system":"url","value":"https://www.nhi.gov.tw"}]}],"description":"病人的姓名(name)，該查詢可能與 HumanName 中的任何字串匹配，包括完整的中文姓名(text)、英文姓(family)、英文名(given)、姓名前面的頭銜(prefix)、姓名後面的稱謂(suffix)。","code":"name","base":["Patient"],"type":"string","expression":"Patient.name"}