{"resourceType":"SearchParameter","id":"Claim-identifier","text":{"status":"generated","div":"<div xmlns=\"http://www.w3.org/1999/xhtml\"><p class=\"res-header-id\"><b>Generated Narrative: SearchParameter Claim-identifier</b></p><a name=\"Claim-identifier\"> </a><a name=\"hcClaim-identifier\"> </a><h2>ClaimIdentifier</h2><p>Parameter <code>identifier</code>:<code>token</code></p><div><p>事前審查(Claim)的受理編號(identifier)</p>\n</div><table class=\"grid\"><tr><td>Resource</td><td><a href=\"http://hl7.org/fhir/R4/claim.html\">Claim</a></td></tr><tr><td>Expression</td><td><code>Claim.identifier</code></td></tr><tr><td>Multiples</td><td><ul><li>multipleAnd: It's up to the server whether the parameter may repeat in order to specify multiple values that must all be true</li><li>multipleOr: It's up to the server whether the parameter can have multiple values (separated by comma) where at least one must be true</li></ul></td></tr></table></div>"},"url":"https://nhicore.nhi.gov.tw/pas/SearchParameter/Claim-identifier","version":"1.0.6","name":"ClaimIdentifier","status":"active","date":"2024-08-31","publisher":"衛生福利部中央健康保險署","contact":[{"name":"衛生福利部中央健康保險署","telecom":[{"system":"url","value":"https://www.nhi.gov.tw"}]}],"description":"事前審查(Claim)的受理編號(identifier)","code":"identifier","base":["Claim"],"type":"token","expression":"Claim.identifier"}