{"resourceType":"SearchParameter","id":"ClaimResponse-adjudication-reason","text":{"status":"generated","div":"<div xmlns=\"http://www.w3.org/1999/xhtml\"><p class=\"res-header-id\"><b>Generated Narrative: SearchParameter ClaimResponse-adjudication-reason</b></p><a name=\"ClaimResponse-adjudication-reason\"> </a><a name=\"hcClaimResponse-adjudication-reason\"> </a><h2>ClaimResponseAdjudicationReason</h2><p>Parameter <code>adjudication-reason</code>:<code>string</code></p><div><p>事前審查回覆(ClaimResponse)的核定註記(item.adjudication.reason)</p>\n</div><table class=\"grid\"><tr><td>Resource</td><td><a href=\"http://hl7.org/fhir/R4/claimresponse.html\">ClaimResponse</a></td></tr><tr><td>Expression</td><td><code>ClaimResponse.item.adjudication.reason</code></td></tr><tr><td>Multiples</td><td><ul><li>multipleAnd: It's up to the server whether the parameter may repeat in order to specify multiple values that must all be true</li><li>multipleOr: It's up to the server whether the parameter can have multiple values (separated by comma) where at least one must be true</li></ul></td></tr></table></div>"},"url":"https://nhicore.nhi.gov.tw/pas/SearchParameter/ClaimResponse-adjudication-reason","version":"1.0.6","name":"ClaimResponseAdjudicationReason","status":"active","date":"2024-08-31","publisher":"衛生福利部中央健康保險署","contact":[{"name":"衛生福利部中央健康保險署","telecom":[{"system":"url","value":"https://www.nhi.gov.tw"}]}],"description":"事前審查回覆(ClaimResponse)的核定註記(item.adjudication.reason)","code":"adjudication-reason","base":["ClaimResponse"],"type":"string","expression":"ClaimResponse.item.adjudication.reason"}