{"resourceType":"SearchParameter","id":"Claim-func-type","text":{"status":"generated","div":"<div xmlns=\"http://www.w3.org/1999/xhtml\"><p class=\"res-header-id\"><b>Generated Narrative: SearchParameter Claim-func-type</b></p><a name=\"Claim-func-type\"> </a><a name=\"hcClaim-func-type\"> </a><h2>ClaimFuncType</h2><p>Parameter <code>func-type</code>:<code>reference</code></p><div><p>事前審查(Claim)的就醫科別(extension: encounter)</p>\n</div><table class=\"grid\"><tr><td>Resource</td><td><a href=\"http://hl7.org/fhir/R4/claim.html\">Claim</a></td></tr><tr><td>Expression</td><td><code>Claim.extension.where(url = 'https://nhicore.nhi.gov.tw/pas/StructureDefinition/extension-claim-encounter').value.ofType(Reference)</code></td></tr><tr><td>Multiples</td><td><ul><li>multipleAnd: It's up to the server whether the parameter may repeat in order to specify multiple values that must all be true</li><li>multipleOr: It's up to the server whether the parameter can have multiple values (separated by comma) where at least one must be true</li></ul></td></tr><tr><td>Chains</td><td>Allowed: service-type</td></tr></table></div>"},"url":"https://nhicore.nhi.gov.tw/pas/SearchParameter/Claim-func-type","version":"1.0.6","name":"ClaimFuncType","status":"active","date":"2024-08-31","publisher":"衛生福利部中央健康保險署","contact":[{"name":"衛生福利部中央健康保險署","telecom":[{"system":"url","value":"https://www.nhi.gov.tw"}]}],"description":"事前審查(Claim)的就醫科別(extension: encounter)","code":"func-type","base":["Claim"],"type":"reference","expression":"Claim.extension.where(url = 'https://nhicore.nhi.gov.tw/pas/StructureDefinition/extension-claim-encounter').value.ofType(Reference)","chain":["service-type"]}