{"resourceType":"SearchParameter","id":"Claim-patient","text":{"status":"generated","div":"<div xmlns=\"http://www.w3.org/1999/xhtml\"><p class=\"res-header-id\"><b>Generated Narrative: SearchParameter Claim-patient</b></p><a name=\"Claim-patient\"> </a><a name=\"hcClaim-patient\"> </a><h2>ClaimID</h2><p>Parameter <code>patient</code>:<code>reference</code></p><div><p>事前審查(Claim)的病人資訊(patient)</p>\n</div><table class=\"grid\"><tr><td>Resource</td><td><a href=\"http://hl7.org/fhir/R4/claim.html\">Claim</a></td></tr><tr><td>Expression</td><td><code>Claim.id</code></td></tr><tr><td>Multiples</td><td><ul><li>multipleAnd: It's up to the server whether the parameter may repeat in order to specify multiple values that must all be true</li><li>multipleOr: It's up to the server whether the parameter can have multiple values (separated by comma) where at least one must be true</li></ul></td></tr><tr><td>Chains</td><td>Allowed: name, identifier</td></tr></table></div>"},"url":"https://nhicore.nhi.gov.tw/pas/SearchParameter/Claim-patient","version":"1.0.6","name":"ClaimID","status":"active","date":"2024-08-31","publisher":"衛生福利部中央健康保險署","contact":[{"name":"衛生福利部中央健康保險署","telecom":[{"system":"url","value":"https://www.nhi.gov.tw"}]}],"description":"事前審查(Claim)的病人資訊(patient)","code":"patient","base":["Claim"],"type":"reference","expression":"Claim.id","chain":["name","identifier"]}