{"resourceType":"ValueSet","id":"nhi-drug-category","text":{"status":"generated","div":"<div xmlns=\"http://www.w3.org/1999/xhtml\"><p class=\"res-header-id\"><b>Generated Narrative: ValueSet nhi-drug-category</b></p><a name=\"nhi-drug-category\"> </a><a name=\"hcnhi-drug-category\"> </a><ul><li>Include all codes defined in <a href=\"CodeSystem-nhi-drug-category.html\"><code>https://nhicore.nhi.gov.tw/pas/CodeSystem/nhi-drug-category</code></a></li></ul></div>"},"url":"https://nhicore.nhi.gov.tw/pas/ValueSet/nhi-drug-category","version":"1.0.6","name":"NHIDrugCategory","title":"NHI-健保事前審查-藥物類型值集","status":"active","experimental":false,"date":"2025-07-01","publisher":"衛生福利部中央健康保險署","contact":[{"name":"衛生福利部中央健康保險署","telecom":[{"system":"url","value":"https://www.nhi.gov.tw"}]}],"description":"NHI-健保事前審查-藥物類型值集","compose":{"include":[{"system":"https://nhicore.nhi.gov.tw/pas/CodeSystem/nhi-drug-category"}]}}