{"resourceType":"ValueSet","id":"nhi-medication","text":{"status":"generated","div":"<div xmlns=\"http://www.w3.org/1999/xhtml\"><p class=\"res-header-id\"><b>Generated Narrative: ValueSet nhi-medication</b></p><a name=\"nhi-medication\"> </a><a name=\"hcnhi-medication\"> </a><ul><li>Include all codes defined in <a href=\"CodeSystem-nhi-medication.html\"><code>https://nhicore.nhi.gov.tw/pas/CodeSystem/nhi-medication</code></a></li></ul></div>"},"url":"https://nhicore.nhi.gov.tw/pas/ValueSet/nhi-medication","version":"1.0.6","name":"NHIMedication","title":"NHI-健保事前審查-用藥品項值集","status":"active","experimental":false,"date":"2025-05-26","publisher":"衛生福利部中央健康保險署","contact":[{"name":"衛生福利部中央健康保險署","telecom":[{"system":"url","value":"https://www.nhi.gov.tw"}]}],"description":"NHI-健保事前審查-用藥品項值集。  \n此值集所涵蓋代碼量較大會使載入頁面時間較長，為方便使用者瀏覽，此處(本頁、XML、JSON、TTL)僅擷取部分代碼，完整代碼可至[健保用藥品項網路查詢服務](https://info.nhi.gov.tw/INAE3000/INAE3000S01)查閱","compose":{"include":[{"system":"https://nhicore.nhi.gov.tw/pas/CodeSystem/nhi-medication"}]}}