{"resourceType":"ValueSet","id":"sct-body-site","text":{"status":"generated","div":"<div xmlns=\"http://www.w3.org/1999/xhtml\"><p class=\"res-header-id\"><b>Generated Narrative: ValueSet sct-body-site</b></p><a name=\"sct-body-site\"> </a><a name=\"hcsct-body-site\"> </a><ul><li>Include these codes as defined in <a href=\"http://www.snomed.org/\"><code>http://snomed.info/sct</code></a><table class=\"none\"><tr><td style=\"white-space:nowrap\"><b>Code</b></td><td><b>Display</b></td></tr><tr><td><a href=\"http://snomed.info/id/69536005\">69536005</a></td><td style=\"color: #cccccc\">Head</td></tr><tr><td><a href=\"http://snomed.info/id/45048000\">45048000</a></td><td style=\"color: #cccccc\">Neck</td></tr><tr><td><a href=\"http://snomed.info/id/774007\">774007</a></td><td style=\"color: #cccccc\">Head and neck structure</td></tr><tr><td><a href=\"http://snomed.info/id/43799004\">43799004</a></td><td style=\"color: #cccccc\">Thoracic cavity</td></tr><tr><td><a href=\"http://snomed.info/id/122494005\">122494005</a></td><td style=\"color: #cccccc\">Cervical spine</td></tr><tr><td><a href=\"http://snomed.info/id/122495006\">122495006</a></td><td style=\"color: #cccccc\">Thoracic spine</td></tr><tr><td><a href=\"http://snomed.info/id/122496007\">122496007</a></td><td style=\"color: #cccccc\">Lumbar spine</td></tr><tr><td><a href=\"http://snomed.info/id/416550000\">416550000</a></td><td style=\"color: #cccccc\">Chest and/or abdomen structure (body structure)</td></tr><tr><td><a href=\"http://snomed.info/id/80581009\">80581009</a></td><td style=\"color: #cccccc\">Upper abdomen</td></tr><tr><td><a href=\"http://snomed.info/id/818987002\">818987002</a></td><td style=\"color: #cccccc\">Abdominopelvic cavity</td></tr><tr><td><a href=\"http://snomed.info/id/816991004\">816991004</a></td><td style=\"color: #cccccc\">Structure of cavity of true pelvis (body structure)</td></tr><tr><td><a href=\"http://snomed.info/id/66019005\">66019005</a></td><td style=\"color: #cccccc\">Extremity</td></tr><tr><td><a href=\"http://snomed.info/id/36582005\">36582005</a></td><td style=\"color: #cccccc\">Brachial plexus</td></tr><tr><td><a href=\"http://snomed.info/id/26107004\">26107004</a></td><td style=\"color: #cccccc\">Musculoskeletal system</td></tr><tr><td><a href=\"http://snomed.info/id/113257007\">113257007</a></td><td style=\"color: #cccccc\">Cardiovascular system</td></tr><tr><td><a href=\"http://snomed.info/id/87141009\">87141009</a></td><td style=\"color: #cccccc\">Sacral vertebra</td></tr><tr><td><a href=\"http://snomed.info/id/3058005\">3058005</a></td><td style=\"color: #cccccc\">Peripheral nervous system</td></tr><tr><td><a href=\"http://snomed.info/id/243928005\">243928005</a></td><td style=\"color: #cccccc\">Entire body region</td></tr></table></li></ul></div>"},"url":"https://nhicore.nhi.gov.tw/pas/ValueSet/sct-body-site","version":"1.0.6","name":"SNOMEDCTBodySite","title":"SNOMEDCT-健保事前審查-身體部位值集","status":"active","experimental":false,"date":"2025-07-01","publisher":"衛生福利部中央健康保險署","contact":[{"name":"衛生福利部中央健康保險署","telecom":[{"system":"url","value":"https://www.nhi.gov.tw"}]}],"description":"SNOMEDCT-健保事前審查-身體部位值集，代碼對應請參考[臺灣健保署身體部位代碼對應SNOMED CT](ConceptMap-nhi-sct-body-site.html)。","compose":{"include":[{"system":"http://snomed.info/sct","concept":[{"code":"69536005"},{"code":"45048000"},{"code":"774007"},{"code":"43799004"},{"code":"122494005"},{"code":"122495006"},{"code":"122496007"},{"code":"416550000"},{"code":"80581009"},{"code":"818987002"},{"code":"816991004"},{"code":"66019005"},{"code":"36582005"},{"code":"26107004"},{"code":"113257007"},{"code":"87141009"},{"code":"3058005"},{"code":"243928005"}]}]}}