{"resourceType":"ValueSet","id":"nhi-line-of-therapy","text":{"status":"generated","div":"<div xmlns=\"http://www.w3.org/1999/xhtml\"><p class=\"res-header-id\"><b>Generated Narrative: ValueSet nhi-line-of-therapy</b></p><a name=\"nhi-line-of-therapy\"> </a><a name=\"hcnhi-line-of-therapy\"> </a><ul><li>Include all codes defined in <a href=\"CodeSystem-nhi-line-of-therapy.html\"><code>https://nhicore.nhi.gov.tw/pas/CodeSystem/nhi-line-of-therapy</code></a></li></ul></div>"},"url":"https://nhicore.nhi.gov.tw/pas/ValueSet/nhi-line-of-therapy","version":"1.0.6","name":"NHILOT","title":"NHI-健保事前審查-用藥線別值集","status":"active","experimental":false,"date":"2025-07-01","publisher":"衛生福利部中央健康保險署","contact":[{"name":"衛生福利部中央健康保險署","telecom":[{"system":"url","value":"https://www.nhi.gov.tw"}]}],"description":"NHI-健保事前審查-用藥線別值集","compose":{"include":[{"system":"https://nhicore.nhi.gov.tw/pas/CodeSystem/nhi-line-of-therapy"}]}}