{"resourceType":"ValueSet","id":"nhi-approve-item-comment","text":{"status":"generated","div":"<div xmlns=\"http://www.w3.org/1999/xhtml\"><p class=\"res-header-id\"><b>Generated Narrative: ValueSet nhi-approve-item-comment</b></p><a name=\"nhi-approve-item-comment\"> </a><a name=\"hcnhi-approve-item-comment\"> </a><ul><li>Include all codes defined in <a href=\"CodeSystem-nhi-approve-comment.html\"><code>https://nhicore.nhi.gov.tw/pas/CodeSystem/nhi-approve-comment</code></a></li></ul></div>"},"url":"https://nhicore.nhi.gov.tw/pas/ValueSet/nhi-approve-item-comment","version":"1.0.6","name":"NHIApproveItemComment","title":"NHI-健保事前審查-個別醫令核定註記值集","status":"active","experimental":false,"date":"2025-07-01","publisher":"衛生福利部中央健康保險署","contact":[{"name":"衛生福利部中央健康保險署","telecom":[{"system":"url","value":"https://www.nhi.gov.tw"}]}],"description":"NHI-健保事前審查-個別醫令核定註記值集","compose":{"include":[{"system":"https://nhicore.nhi.gov.tw/pas/CodeSystem/nhi-approve-comment"}]}}