{"resourceType":"ValueSet","id":"nhi-tx-ast","text":{"status":"generated","div":"<div xmlns=\"http://www.w3.org/1999/xhtml\"><p class=\"res-header-id\"><b>Generated Narrative: ValueSet nhi-tx-ast</b></p><a name=\"nhi-tx-ast\"> </a><a name=\"hcnhi-tx-ast\"> </a><ul><li>Include all codes defined in <a href=\"CodeSystem-nhi-tx-ast.html\"><code>https://nhicore.nhi.gov.tw/pas/CodeSystem/nhi-tx-ast</code></a></li></ul></div>"},"url":"https://nhicore.nhi.gov.tw/pas/ValueSet/nhi-tx-ast","version":"1.0.6","name":"NHITreatmentAst","title":"NHI-健保事前審查-治療後疾病狀態評估項目值集","status":"active","experimental":false,"date":"2025-07-01","publisher":"衛生福利部中央健康保險署","contact":[{"name":"衛生福利部中央健康保險署","telecom":[{"system":"url","value":"https://www.nhi.gov.tw"}]}],"description":"NHI-健保事前審查-治療後疾病狀態評估項目值集","compose":{"include":[{"system":"https://nhicore.nhi.gov.tw/pas/CodeSystem/nhi-tx-ast"}]}}