{"resourceType":"ValueSet","id":"nhi-continuation-status","text":{"status":"generated","div":"<div xmlns=\"http://www.w3.org/1999/xhtml\"><p class=\"res-header-id\"><b>Generated Narrative: ValueSet nhi-continuation-status</b></p><a name=\"nhi-continuation-status\"> </a><a name=\"hcnhi-continuation-status\"> </a><ul><li>Include all codes defined in <a href=\"CodeSystem-nhi-continuation-status.html\"><code>https://nhicore.nhi.gov.tw/pas/CodeSystem/nhi-continuation-status</code></a></li></ul></div>"},"url":"https://nhicore.nhi.gov.tw/pas/ValueSet/nhi-continuation-status","version":"1.0.6","name":"NHIContinuationStatus","title":"NHI-健保事前審查-續用註記值集","status":"active","experimental":false,"date":"2025-07-01","publisher":"衛生福利部中央健康保險署","contact":[{"name":"衛生福利部中央健康保險署","telecom":[{"system":"url","value":"https://www.nhi.gov.tw"}]}],"description":"NHI-健保事前審查-續用註記值集","compose":{"include":[{"system":"https://nhicore.nhi.gov.tw/pas/CodeSystem/nhi-continuation-status"}]}}