{"resourceType":"ValueSet","id":"report-type","text":{"status":"generated","div":"<div xmlns=\"http://www.w3.org/1999/xhtml\"><p class=\"res-header-id\"><b>Generated Narrative: ValueSet report-type</b></p><a name=\"report-type\"> </a><a name=\"hcreport-type\"> </a><ul><li>Include these codes as defined in <a href=\"http://loinc.org\"><code>http://loinc.org</code></a><table class=\"none\"><tr><td style=\"white-space:nowrap\"><b>Code</b></td><td><b>Display</b></td></tr><tr><td><a href=\"https://loinc.org/47522-8/\">47522-8</a></td><td style=\"color: #cccccc\">Cytology report of Nipple discharge Cyto stain</td></tr><tr><td><a href=\"https://loinc.org/47520-2/\">47520-2</a></td><td style=\"color: #cccccc\">Cytology report of Sputum Cyto stain</td></tr><tr><td><a href=\"https://loinc.org/47525-1/\">47525-1</a></td><td style=\"color: #cccccc\">Cytology report of Urine Cyto stain</td></tr><tr><td><a href=\"https://loinc.org/47529-3/\">47529-3</a></td><td style=\"color: #cccccc\">Cytology report of Tissue Other stain</td></tr><tr><td><a href=\"https://loinc.org/50007-4/\">50007-4</a></td><td style=\"color: #cccccc\">Cytology report of Bronchoalveolar lavage Cyto stain</td></tr><tr><td><a href=\"https://loinc.org/47530-1/\">47530-1</a></td><td style=\"color: #cccccc\">Cytology report of Breast ductal lavage Cyto stain</td></tr><tr><td><a href=\"https://loinc.org/47521-0/\">47521-0</a></td><td style=\"color: #cccccc\">Cytology report of Breast fine needle aspirate Cyto stain</td></tr><tr><td><a href=\"https://loinc.org/47524-4/\">47524-4</a></td><td style=\"color: #cccccc\">Cytology report of Thyroid fine needle aspirate Cyto stain</td></tr><tr><td><a href=\"https://loinc.org/47526-9/\">47526-9</a></td><td style=\"color: #cccccc\">Cytology report of Specimen Cyto stain</td></tr><tr><td><a href=\"https://loinc.org/47523-6/\">47523-6</a></td><td style=\"color: #cccccc\">Cytology report of Body fluid Cyto stain</td></tr><tr><td><a href=\"https://loinc.org/33718-8/\">33718-8</a></td><td style=\"color: #cccccc\">Cytology report of Tissue fine needle aspirate Cyto stain</td></tr><tr><td><a href=\"https://loinc.org/50971-1/\">50971-1</a></td><td style=\"color: #cccccc\">Cytology report of Bronchial brush Cyto stain</td></tr><tr><td><a href=\"https://loinc.org/47528-5/\">47528-5</a></td><td style=\"color: #cccccc\">Cytology report of Cervical or vaginal smear or scraping Cyto stain</td></tr><tr><td><a href=\"https://loinc.org/47527-7/\">47527-7</a></td><td style=\"color: #cccccc\">Cytology report of Cervical or vaginal smear or scraping Cyto stain.thin prep</td></tr><tr><td><a href=\"https://loinc.org/66108-2/\">66108-2</a></td><td style=\"color: #cccccc\">Bone Pathology biopsy report</td></tr><tr><td><a href=\"https://loinc.org/66111-6/\">66111-6</a></td><td style=\"color: #cccccc\">Peritoneum Pathology biopsy report</td></tr><tr><td><a href=\"https://loinc.org/66123-1/\">66123-1</a></td><td style=\"color: #cccccc\">Pleura Pathology biopsy report</td></tr><tr><td><a href=\"https://loinc.org/65755-1/\">65755-1</a></td><td style=\"color: #cccccc\">Rectum Pathology biopsy report</td></tr><tr><td><a href=\"https://loinc.org/66118-1/\">66118-1</a></td><td style=\"color: #cccccc\">Spleen Pathology biopsy report</td></tr><tr><td><a href=\"https://loinc.org/66114-0/\">66114-0</a></td><td style=\"color: #cccccc\">Stomach Pathology biopsy report</td></tr><tr><td><a href=\"https://loinc.org/66124-9/\">66124-9</a></td><td style=\"color: #cccccc\">Testis Pathology biopsy report</td></tr><tr><td><a href=\"https://loinc.org/66122-3/\">66122-3</a></td><td style=\"color: #cccccc\">Adrenal gland Pathology biopsy report</td></tr><tr><td><a href=\"https://loinc.org/66109-0/\">66109-0</a></td><td style=\"color: #cccccc\">Brain Pathology biopsy report</td></tr><tr><td><a href=\"https://loinc.org/65757-7/\">65757-7</a></td><td style=\"color: #cccccc\">Kidney Pathology biopsy report</td></tr><tr><td><a href=\"https://loinc.org/65752-8/\">65752-8</a></td><td style=\"color: #cccccc\">Liver Pathology biopsy report</td></tr><tr><td><a href=\"https://loinc.org/66107-4/\">66107-4</a></td><td style=\"color: #cccccc\">Lung Pathology biopsy report</td></tr><tr><td><a href=\"https://loinc.org/66112-4/\">66112-4</a></td><td style=\"color: #cccccc\">Lymph node Pathology biopsy report</td></tr><tr><td><a href=\"https://loinc.org/65751-0/\">65751-0</a></td><td style=\"color: #cccccc\">Muscle Pathology biopsy report</td></tr><tr><td><a href=\"https://loinc.org/66115-7/\">66115-7</a></td><td style=\"color: #cccccc\">Pancreas Pathology biopsy report</td></tr><tr><td><a href=\"https://loinc.org/66117-3/\">66117-3</a></td><td style=\"color: #cccccc\">Prostate Pathology biopsy report</td></tr><tr><td><a href=\"https://loinc.org/65754-4/\">65754-4</a></td><td style=\"color: #cccccc\">Skin Pathology biopsy report</td></tr><tr><td><a href=\"https://loinc.org/66120-7/\">66120-7</a></td><td style=\"color: #cccccc\">Thyroid Pathology biopsy report</td></tr><tr><td><a href=\"https://loinc.org/66113-2/\">66113-2</a></td><td style=\"color: #cccccc\">Uterus Pathology biopsy report</td></tr><tr><td><a href=\"https://loinc.org/66110-8/\">66110-8</a></td><td style=\"color: #cccccc\">Breast Pathology biopsy report</td></tr><tr><td><a href=\"https://loinc.org/65753-6/\">65753-6</a></td><td style=\"color: #cccccc\">Cervix Pathology biopsy report</td></tr><tr><td><a href=\"https://loinc.org/66116-5/\">66116-5</a></td><td style=\"color: #cccccc\">Ovary Pathology biopsy report</td></tr><tr><td><a href=\"https://loinc.org/66121-5/\">66121-5</a></td><td style=\"color: #cccccc\">Tissue Pathology biopsy report</td></tr><tr><td><a href=\"https://loinc.org/66125-6/\">66125-6</a></td><td style=\"color: #cccccc\">Urinary bladder Pathology biopsy report</td></tr><tr><td><a href=\"https://loinc.org/66119-9/\">66119-9</a></td><td style=\"color: #cccccc\">Bone marrow Pathology biopsy report Narrative</td></tr></table></li></ul></div>"},"url":"https://nhicore.nhi.gov.tw/pas/ValueSet/report-type","version":"1.0.6","name":"ReportType","title":"LOINC-健保事前審查-報告類型值集","status":"active","experimental":false,"date":"2025-07-01","publisher":"衛生福利部中央健康保險署","contact":[{"name":"衛生福利部中央健康保險署","telecom":[{"system":"url","value":"https://www.nhi.gov.tw"}]}],"description":"LOINC-健保事前審查-報告類型值集","compose":{"include":[{"system":"http://loinc.org","concept":[{"code":"47522-8"},{"code":"47520-2"},{"code":"47525-1"},{"code":"47529-3"},{"code":"50007-4"},{"code":"47530-1"},{"code":"47521-0"},{"code":"47524-4"},{"code":"47526-9"},{"code":"47523-6"},{"code":"33718-8"},{"code":"50971-1"},{"code":"47528-5"},{"code":"47527-7"},{"code":"66108-2"},{"code":"66111-6"},{"code":"66123-1"},{"code":"65755-1"},{"code":"66118-1"},{"code":"66114-0"},{"code":"66124-9"},{"code":"66122-3"},{"code":"66109-0"},{"code":"65757-7"},{"code":"65752-8"},{"code":"66107-4"},{"code":"66112-4"},{"code":"65751-0"},{"code":"66115-7"},{"code":"66117-3"},{"code":"65754-4"},{"code":"66120-7"},{"code":"66113-2"},{"code":"66110-8"},{"code":"65753-6"},{"code":"66116-5"},{"code":"66121-5"},{"code":"66125-6"},{"code":"66119-9"}]}]}}