{"resourceType":"ValueSet","id":"ucum-units","text":{"status":"generated","div":"<div xmlns=\"http://www.w3.org/1999/xhtml\"><p class=\"res-header-id\"><b>Generated Narrative: ValueSet ucum-units</b></p><a name=\"ucum-units\"> </a><a name=\"hcucum-units\"> </a><ul><li>Include all codes defined in <a href=\"http://unitsofmeasure.org\"><code>http://unitsofmeasure.org</code></a></li></ul></div>"},"url":"https://nhicore.nhi.gov.tw/pas/ValueSet/ucum-units","version":"1.0.6","name":"UCUMUnits","title":"UCUM-健保事前審查-UCUM單位值集","status":"active","experimental":false,"date":"2025-07-01","publisher":"衛生福利部中央健康保險署","contact":[{"name":"衛生福利部中央健康保險署","telecom":[{"system":"url","value":"https://www.nhi.gov.tw"}]}],"description":"UCUM-健保事前審查-UCUM單位值集","copyright":"UCUM is Copyright © 1999-2013 Regenstrief Institute, Inc. and The UCUM Organization, Indianapolis, IN. All rights reserved. See https://ucum.org/license for details.","compose":{"include":[{"system":"http://unitsofmeasure.org"}]}}