{"resourceType":"ValueSet","id":"nhi-body-site","text":{"status":"generated","div":"<div xmlns=\"http://www.w3.org/1999/xhtml\"><p class=\"res-header-id\"><b>Generated Narrative: ValueSet nhi-body-site</b></p><a name=\"nhi-body-site\"> </a><a name=\"hcnhi-body-site\"> </a><ul><li>Include all codes defined in <a href=\"CodeSystem-nhi-body-site.html\"><code>https://nhicore.nhi.gov.tw/pas/CodeSystem/nhi-body-site</code></a></li></ul></div>"},"url":"https://nhicore.nhi.gov.tw/pas/ValueSet/nhi-body-site","version":"1.0.6","name":"NHIBodySite","title":"NHI-健保事前審查-身體部位值集","status":"active","experimental":false,"date":"2025-07-01","publisher":"衛生福利部中央健康保險署","contact":[{"name":"衛生福利部中央健康保險署","telecom":[{"system":"url","value":"https://www.nhi.gov.tw"}]}],"description":"NHI-健保事前審查-身體部位值集，代碼對應請參考[臺灣健保署身體部位代碼對應SNOMED CT](ConceptMap-nhi-sct-body-site.html)。","compose":{"include":[{"system":"https://nhicore.nhi.gov.tw/pas/CodeSystem/nhi-body-site"}]}}