{"resourceType":"ValueSet","id":"nhi-acceptance-status","text":{"status":"generated","div":"<div xmlns=\"http://www.w3.org/1999/xhtml\"><p class=\"res-header-id\"><b>Generated Narrative: ValueSet nhi-acceptance-status</b></p><a name=\"nhi-acceptance-status\"> </a><a name=\"hcnhi-acceptance-status\"> </a><ul><li>Include all codes defined in <a href=\"CodeSystem-nhi-acceptance-status.html\"><code>https://nhicore.nhi.gov.tw/pas/CodeSystem/nhi-acceptance-status</code></a></li></ul></div>"},"url":"https://nhicore.nhi.gov.tw/pas/ValueSet/nhi-acceptance-status","version":"1.0.6","name":"NHIAcceptanceStatus","title":"NHI-健保事前審查-案件受理狀態值集","status":"active","experimental":false,"date":"2025-07-01","publisher":"衛生福利部中央健康保險署","contact":[{"name":"衛生福利部中央健康保險署","telecom":[{"system":"url","value":"https://www.nhi.gov.tw"}]}],"description":"NHI-健保事前審查-案件受理狀態值集","compose":{"include":[{"system":"https://nhicore.nhi.gov.tw/pas/CodeSystem/nhi-acceptance-status"}]}}