{"resourceType":"ValueSet","id":"media-mimetypes","text":{"status":"generated","div":"<div xmlns=\"http://www.w3.org/1999/xhtml\"><p class=\"res-header-id\"><b>Generated Narrative: ValueSet media-mimetypes</b></p><a name=\"media-mimetypes\"> </a><a name=\"hcmedia-mimetypes\"> </a><ul><li>Include these codes as defined in <code>urn:ietf:bcp:13</code><table class=\"none\"><tr><td style=\"white-space:nowrap\"><b>Code</b></td><td><b>Display</b></td></tr><tr><td>image/jpeg</td><td style=\"color: #cccccc\">image/jpeg</td></tr><tr><td>image/jpg</td><td style=\"color: #cccccc\">image/jpg</td></tr><tr><td>image/bmp</td><td style=\"color: #cccccc\">image/bmp</td></tr><tr><td>video/mpeg</td><td style=\"color: #cccccc\">video/mpeg</td></tr><tr><td>video/mpg</td><td style=\"color: #cccccc\">video/mpg</td></tr><tr><td>video/mp4</td><td style=\"color: #cccccc\">video/mp4</td></tr></table></li></ul></div>"},"url":"https://nhicore.nhi.gov.tw/pas/ValueSet/media-mimetypes","version":"1.0.6","name":"MediaMimeTypes","title":"HL7-非DICOM影像MimeType值集","status":"active","experimental":false,"date":"2025-07-01","publisher":"衛生福利部中央健康保險署","contact":[{"name":"衛生福利部中央健康保險署","telecom":[{"system":"url","value":"https://www.nhi.gov.tw"}]}],"description":"HL7-非DICOM影像MimeType值集","compose":{"include":[{"system":"urn:ietf:bcp:13","concept":[{"code":"image/jpeg"},{"code":"image/jpg"},{"code":"image/bmp"},{"code":"video/mpeg"},{"code":"video/mpg"},{"code":"video/mp4"}]}]}}