{"resourceType":"ValueSet","id":"nhi-apply-reason","text":{"status":"generated","div":"<div xmlns=\"http://www.w3.org/1999/xhtml\"><p class=\"res-header-id\"><b>Generated Narrative: ValueSet nhi-apply-reason</b></p><a name=\"nhi-apply-reason\"> </a><a name=\"hcnhi-apply-reason\"> </a><ul><li>Include all codes defined in <a href=\"CodeSystem-nhi-apply-reason.html\"><code>https://nhicore.nhi.gov.tw/pas/CodeSystem/nhi-apply-reason</code></a></li></ul></div>"},"url":"https://nhicore.nhi.gov.tw/pas/ValueSet/nhi-apply-reason","version":"1.0.6","name":"NHIApplyReason","title":"NHI-健保事前審查-給付適應症值集","status":"active","experimental":false,"date":"2025-07-01","publisher":"衛生福利部中央健康保險署","contact":[{"name":"衛生福利部中央健康保險署","telecom":[{"system":"url","value":"https://www.nhi.gov.tw"}]}],"description":"NHI-健保事前審查-給付適應症值集","compose":{"include":[{"system":"https://nhicore.nhi.gov.tw/pas/CodeSystem/nhi-apply-reason"}]}}