{"resourceType":"ValueSet","id":"dicom-cid-29-AcquisitionModality","text":{"status":"extensions","div":"<div xmlns=\"http://www.w3.org/1999/xhtml\"><p class=\"res-header-id\"><b>Generated Narrative: ValueSet dicom-cid-29-AcquisitionModality</b></p><a name=\"dicom-cid-29-AcquisitionModality\"> </a><a name=\"hcdicom-cid-29-AcquisitionModality\"> </a><ul><li>Include these codes as defined in <a href=\"http://dicom.nema.org/resources/ontology/DCM\"><code>http://dicom.nema.org/resources/ontology/DCM</code></a><table class=\"none\"><tr><td style=\"white-space:nowrap\"><b>Code</b></td><td><b>Display</b></td><td><b>Definition</b></td></tr><tr><td><code>BMD</code></td><td>Bone Mineral Densitometry</td><td>An acquisition device, process or method that performs bone mineral densitometry by X-Ray, including dual-energy X-Ray absorptiometry (DXA) and morphometric X-Ray absorptiometry (MXA).</td></tr><tr><td><code>EOG</code></td><td>Electrooculography</td><td>An acquisition device, process or method that performs electrooculography.</td></tr><tr><td><code>SM</code></td><td>Slide Microscopy</td><td>An acquisition device, process or method that performs slide microscopy.</td></tr><tr><td><code>OP</code></td><td>Ophthalmic Photography</td><td>An acquisition device, process or method that performs ophthalmic photography.</td></tr><tr><td><code>ECG</code></td><td>Electrocardiography</td><td>An acquisition device, process or method that performs electrocardiography.</td></tr><tr><td><code>GM</code></td><td>General Microscopy</td><td>An acquisition device, process or method that performs general microscopy.</td></tr><tr><td><code>XA</code></td><td>X-Ray Angiography</td><td>An acquisition device, process or method that performs X-Ray angiography.</td></tr><tr><td><code>XC</code></td><td>External-camera Photography</td><td>An acquisition device, process or method that performs photography with an external camera.</td></tr><tr><td><code>DMS</code></td><td>Dermoscopy</td><td>An acquisition device, process or method that performs imaging of the surface of the skin using epiluminescence microscopy.</td></tr><tr><td><code>IVUS</code></td><td>Intravascular Ultrasound</td><td>An acquisition device, process or method that performs intravascular ultrasound.</td></tr><tr><td><code>CR</code></td><td>Computed Radiography</td><td>An acquisition device, process or method that performs computed radiography.</td></tr><tr><td><code>CT</code></td><td>Computed Tomography</td><td>An acquisition device, process or method that performs computed tomography.</td></tr><tr><td><code>OSS</code></td><td>Optical Surface Scanner</td><td>An acquisition device, process or method that performs optical surface scanning.</td></tr><tr><td><code>TG</code></td><td>Thermography</td><td>An acquisition device, process or method that performs thermography.</td></tr><tr><td><code>LEN</code></td><td>Lensometry</td><td>An acquisition device, process or method that performs lensometry.</td></tr><tr><td><code>OPTENF</code></td><td>Ophthalmic Tomography En Face</td><td>An acquisition device, process or method that creates en face tomography images of the eye based on light and optical principles. Tomography based on other principles, such as ultrasound, is excluded.</td></tr><tr><td><code>HD</code></td><td>Hemodynamic Waveform</td><td>An acquisition device, process or method that records hemodynamic waveforms.</td></tr><tr><td><code>OCT</code></td><td>Optical Coherence Tomography</td><td>An acquisition device, process or method that uses an interferometric, non-invasive optical tomographic technique to image 2D slices and 3D volumes of tissue using visible and near visible frequencies.</td></tr><tr><td><code>BDUS</code></td><td>Ultrasound Bone Densitometry</td><td>An acquisition device, process or method that performs ultrasound bone densitometry.</td></tr><tr><td><code>DG</code></td><td>Diaphanography</td><td>An acquisition device, process or method that performs diaphanography.</td></tr><tr><td><code>PT</code></td><td>Positron emission tomography</td><td>An acquisition device, process or method that performs positron emission tomography (PET).</td></tr><tr><td><code>EPS</code></td><td>Cardiac Electrophysiology</td><td>An acquisition device, process or method that performs cardiac electrophysiology.</td></tr><tr><td><code>LS</code></td><td>Laser Scan</td><td>An acquisition device, process or method that performs laser surface scanning.</td></tr><tr><td><code>PX</code></td><td>Panoramic X-Ray</td><td>An acquisition device, process or method that performs panoramic X-Rays.</td></tr><tr><td><code>OPM</code></td><td>Ophthalmic Mapping</td><td>An acquisition device, process or method that measures corneal topography, corneal or retinal thickness, and other similar parameters that are typically displayed as maps.</td></tr><tr><td><code>OPTBSV</code></td><td>Ophthalmic Tomography B-scan Volume Analysis</td><td>An acquisition device, process or method that performs B-scan volume analysis of tomography images of the eye based on light and optical principles. Tomography based on other principles, such as ultrasound, is excluded.</td></tr><tr><td><code>OPV</code></td><td>Ophthalmic Visual Field</td><td>An acquisition device, process or method that measures visual fields and perform visual perimetry.</td></tr><tr><td><code>DX</code></td><td>Digital Radiography</td><td>An acquisition device, process or method that performs digital radiography.</td></tr><tr><td><code>OPT</code></td><td>Ophthalmic Tomography</td><td>An acquisition device, process or method that performs tomography of the eye that is based on light and optical principles. Tomography based on other principles, such as ultrasound, is excluded.</td></tr><tr><td><code>MG</code></td><td>Mammography</td><td>An acquisition device, process or method that performs mammography.</td></tr><tr><td><code>US</code></td><td>Ultrasound</td><td>An acquisition device, process or method that performs ultrasound.</td></tr><tr><td><code>EMG</code></td><td>Electromyography</td><td>An acquisition device, process or method that performs electromyography.</td></tr><tr><td><code>IVOCT</code></td><td>Intravascular Optical Coherence Tomography</td><td>An acquisition device, process or method that performs intravascular optical coherence tomography</td></tr><tr><td><code>MR</code></td><td>Magnetic Resonance</td><td>An acquisition device, process or method that performs magnetic resonance imaging.</td></tr><tr><td><code>IO</code></td><td>Intra-oral Radiography</td><td>An acquisition device, process or method that performs intra-oral radiography.</td></tr><tr><td><code>EEG</code></td><td>Electroencephalography</td><td>An acquisition device, process or method that performs electroencephalography.</td></tr><tr><td><code>RTIMAGE</code></td><td>RT Image</td><td>An acquisition device, process or method that performs radiotherapy imaging; includes portal imaging.</td></tr><tr><td><code>VA</code></td><td>Visual Acuity</td><td>An acquisition device, process or method that measures visual acuity.</td></tr><tr><td><code>RESP</code></td><td>Respiratory Waveform</td><td>A device, process or method that produces waveforms of electrical signals from the patient’s respiratory system.</td></tr><tr><td><code>ES</code></td><td>Endoscopy</td><td>An acquisition device, process or method that records images during endoscopy.</td></tr><tr><td><code>AR</code></td><td>Autorefraction</td><td>An acquisition device, process or method that measures autorefraction.</td></tr><tr><td><code>POS</code></td><td>Position Sensor</td><td>A device or sensor measuring the orientation of the patient’s body.</td></tr><tr><td><code>RG</code></td><td>Radiographic imaging</td><td>An acquisition device, process or method that performs radiographic imaging (conventional film/screen).</td></tr><tr><td><code>RF</code></td><td>Radiofluoroscopy</td><td>An acquisition device, process or method that performs radiofluoroscopy.</td></tr><tr><td><code>KER</code></td><td>Keratometry</td><td>An acquisition device, process or method that performs keratometry.</td></tr><tr><td><code>OAM</code></td><td>Ophthalmic Axial Measurements</td><td>An acquisition device, process or method that measures the axial length of the eye.</td></tr><tr><td><code>NM</code></td><td>Nuclear Medicine</td><td>An acquisition device, process or method that performs nuclear medicine imaging.</td></tr><tr><td><code>BI</code></td><td>Biomagnetic Imaging</td><td>An acquisition device, process or method that performs biomagnetic imaging.</td></tr><tr><td><code>SRF</code></td><td>Subjective Refraction</td><td>An acquisition device, process or method that records subjective refraction.</td></tr></table></li></ul></div>"},"url":"https://nhicore.nhi.gov.tw/pas/ValueSet/dicom-cid-29-AcquisitionModality","version":"1.0.6","name":"AcquisitionModality","title":"HL7-AcquisitionModality值集","status":"active","experimental":false,"date":"2024-03-31","publisher":"衛生福利部中央健康保險署","contact":[{"name":"衛生福利部中央健康保險署","telecom":[{"system":"url","value":"https://www.nhi.gov.tw"}]}],"description":"原值集因總會工具問題無法正常顯示，故先自建值集。","copyright":"© 2024 NEMA","compose":{"include":[{"system":"http://dicom.nema.org/resources/ontology/DCM","concept":[{"code":"BMD","display":"Bone Mineral Densitometry"},{"code":"EOG","display":"Electrooculography"},{"code":"SM","display":"Slide Microscopy"},{"code":"OP","display":"Ophthalmic Photography"},{"code":"ECG","display":"Electrocardiography"},{"code":"GM","display":"General Microscopy"},{"code":"XA","display":"X-Ray Angiography"},{"code":"XC","display":"External-camera Photography"},{"code":"DMS","display":"Dermoscopy"},{"code":"IVUS","display":"Intravascular Ultrasound"},{"code":"CR","display":"Computed Radiography"},{"code":"CT","display":"Computed Tomography"},{"code":"OSS","display":"Optical Surface Scanner"},{"code":"TG","display":"Thermography"},{"code":"LEN","display":"Lensometry"},{"code":"OPTENF","display":"Ophthalmic Tomography En Face"},{"code":"HD","display":"Hemodynamic Waveform"},{"code":"OCT","display":"Optical Coherence Tomography"},{"code":"BDUS","display":"Ultrasound Bone Densitometry"},{"code":"DG","display":"Diaphanography"},{"code":"PT","display":"Positron emission tomography"},{"code":"EPS","display":"Cardiac Electrophysiology"},{"code":"LS","display":"Laser Scan"},{"code":"PX","display":"Panoramic X-Ray"},{"code":"OPM","display":"Ophthalmic Mapping"},{"code":"OPTBSV","display":"Ophthalmic Tomography B-scan Volume Analysis"},{"code":"OPV","display":"Ophthalmic Visual Field"},{"code":"DX","display":"Digital Radiography"},{"code":"OPT","display":"Ophthalmic Tomography"},{"code":"MG","display":"Mammography"},{"code":"US","display":"Ultrasound"},{"code":"EMG","display":"Electromyography"},{"code":"IVOCT","display":"Intravascular Optical Coherence Tomography"},{"code":"MR","display":"Magnetic Resonance"},{"code":"IO","display":"Intra-oral Radiography"},{"code":"EEG","display":"Electroencephalography"},{"code":"RTIMAGE","display":"RT Image"},{"code":"VA","display":"Visual Acuity"},{"code":"RESP","display":"Respiratory Waveform"},{"code":"ES","display":"Endoscopy"},{"code":"AR","display":"Autorefraction"},{"code":"POS","display":"Position Sensor"},{"code":"RG","display":"Radiographic imaging"},{"code":"RF","display":"Radiofluoroscopy"},{"code":"KER","display":"Keratometry"},{"code":"OAM","display":"Ophthalmic Axial Measurements"},{"code":"NM","display":"Nuclear Medicine"},{"code":"BI","display":"Biomagnetic Imaging"},{"code":"SRF","display":"Subjective Refraction"}]}]}}