{"resourceType":"ValueSet","id":"nhi-organization","text":{"status":"generated","div":"<div xmlns=\"http://www.w3.org/1999/xhtml\"><p class=\"res-header-id\"><b>Generated Narrative: ValueSet nhi-organization</b></p><a name=\"nhi-organization\"> </a><a name=\"hcnhi-organization\"> </a><ul><li>Include all codes defined in <a href=\"CodeSystem-organization-identifier-tw.html\"><code>https://nhicore.nhi.gov.tw/pas/CodeSystem/organization-identifier-tw</code></a></li></ul></div>"},"url":"https://nhicore.nhi.gov.tw/pas/ValueSet/nhi-organization","version":"1.0.6","name":"NHIOrganization","title":"NHI-健保事前審查-特約醫事機構值集","status":"active","experimental":false,"date":"2024-08-19","publisher":"衛生福利部中央健康保險署","contact":[{"name":"衛生福利部中央健康保險署","telecom":[{"system":"url","value":"https://www.nhi.gov.tw"}]}],"description":"NHI-健保事前審查-特約醫事機構值集，參照至[衛福部健保署特約醫事機構代碼網路查詢服務](https://www.nhi.gov.tw/ch/cp-5548-135e8-2931-1.html)中的[健保特約醫療院所名冊](https://info.nhi.gov.tw/IODE0000/IODE0000S09?id=1120)\n\n代碼出版日期：2024-04-22；資料所屬單位：衛生福利部中央健康保險署。\n\n*因原始資料無代碼版本資訊，故使用其「更新日期」作為版本資訊。*\n","compose":{"include":[{"system":"https://nhicore.nhi.gov.tw/pas/CodeSystem/organization-identifier-tw"}]}}