"Id","Path","Slice Name","Alias(s)","Label","Min","Max","Must Support?","Is Modifier?","Is Summary?","Type(s)","Short","Definition","Comments","Requirements","Default Value","Meaning When Missing","Fixed Value","Pattern","Example","Minimum Value","Maximum Value","Maximum Length","Binding Strength","Binding Description","Binding Value Set","Code","Slicing Discriminator","Slicing Description","Slicing Ordered","Slicing Rules","Base Path","Base Min","Base Max","Condition(s)","Constraint(s)","Mapping: Workflow Pattern","Mapping: FHIR Composition","Mapping: RIM Mapping","Mapping: CDA (R2)","Mapping: FiveWs Pattern Mapping","Mapping: HL7 v2 Mapping","Mapping: XDS metadata equivalent"
"DocumentReference","DocumentReference","","","",0,*,"","","","null {[]} {[]}
","文件的參照","這是對任何目的文件的參照。它提供了有關文件的metadata，以便能夠找到並管理此文件。文件的範圍包括任何具有MIME類型的序列物件(seralized object)，例如：以病人為中心的文件（CDA）、臨床註釋、掃描的紙張，以及非與病人有關的文件，像是政策文字表述。","通常，這用於除了由FHIR定義之外的文件。","","","","","","","","",,,,,"",,,,"DocumentReference",0,*,"","dom-2:If the resource is contained in another resource, it SHALL NOT contain nested Resources {contained.contained.empty()}
dom-3:If the resource is contained in another resource, it SHALL be referred to from elsewhere in the resource or SHALL refer to the containing resource {contained.where((('#'+id in (%resource.descendants().reference | %resource.descendants().as(canonical) | %resource.descendants().as(uri) | %resource.descendants().as(url))) or descendants().where(reference = '#').exists() or descendants().where(as(canonical) = '#').exists() or descendants().where(as(canonical) = '#').exists()).not()).trace('unmatched', id).empty()}dom-4:If a resource is contained in another resource, it SHALL NOT have a meta.versionId or a meta.lastUpdated {contained.meta.versionId.empty() and contained.meta.lastUpdated.empty()}dom-5:If a resource is contained in another resource, it SHALL NOT have a security label {contained.meta.security.empty()}dom-6:A resource should have narrative for robust management {text.`div`.exists()}report-title:若category為「治療計畫文件(#careplan)」，請擇一填寫：「免疫檢查點抑制劑治療計畫／CAR-T多團隊會議紀錄／造血幹細胞移植計畫書」 {((category.coding.exists(code='careplan')) implies (content.attachment.title = '免疫檢查點抑制劑治療計畫' or content.attachment.title = 'CAR-T多團隊會議紀錄' or content.attachment.title = '造血幹細胞移植計畫書'))}","Event","when describing a Composition","Entity. Role, or Act","Document[classCode=""DOC"" and moodCode=""EVN""]","when describing a CDA"
"DocumentReference.id","DocumentReference.id","","","",0,1,"","","Y","id {[]} {[]}
","不重複的ID用以識別儲存在特定FHIR Server中的DocumentReference紀錄，通常又稱為邏輯性ID。","resource的邏輯ID，在resource的URL中使用。一旦指定，這個值永遠不會改變。","一個resource使用新增操作（create operation）提交給伺服器時，此resource沒有id，它的id在resource被創建後由伺器分配/指定。","","","","","","","","",,,,,"",,,,"Resource.id",0,1,"",""
"DocumentReference.meta","DocumentReference.meta","","","",0,1,"","","Y","Meta {[]} {[]}
","此DocumentReference Resource的metadata","關於resource的metadata。這是由基礎建設維護的內容。內容的更改可能並不總是與resource的版本更改相關聯。","","","","","","","","","",,,,,"",,,,"Resource.meta",0,1,"","ele-1:All FHIR elements must have a @value or children {hasValue() or (children().count() > id.count())}
"
"DocumentReference.implicitRules","DocumentReference.implicitRules","","","",0,1,"","Y","Y","uri {[]} {[]}
","創建此內容所依據的一組規則","構建resource時遵循的一系列規則的參照，在處理內容時必須理解這些規則。通常這是對IG所定義之特殊規則及其他profiles的參照。","宣告這套規則限制了內容只能被有限的交易夥伴所理解。這從本質上限制了資料的長期有用性。然而，現有的健康生態體系高度分裂，還沒有準備好以普遍可計算的方式定義、收集和交換資料。只要有可能，實作者和/或規範編寫者應該避免使用這個資料項目。通常在使用時，此URL是對IG的參照，此IG將這些特殊規則與其他profiles、value sets等一起定義為其敘述的一部分。","","","","","","","","",,,,,"",,,,"Resource.implicitRules",0,1,"","ele-1:All FHIR elements must have a @value or children {hasValue() or (children().count() > id.count())}
"
"DocumentReference.language","DocumentReference.language","","","",0,1,"","","","code {[]} {[]}
","用以表述DocumentReference Resource內容的語言。","編寫此resource的語言","提供語言是為了支援索引和可存取性（通常，文字表述轉語音等服務使用此語言標籤）。html lanuage tag適用於此敘述。resource上的語言標籤可用於指定從resource中的資料所產成的其他表述之語言。不是所有的內容都必須使用此語言。不應該假定Resource.language自動適用於敘述。如果指定語言，它也應該被指定在html中的div資料項目（關於xml:lang和html lang屬性之間的關係，見HTML5中的規則）。","","","","","","<valueString xmlns=""http://hl7.org/fhir"" value=""zh-TW""/>","","",,"preferred","人類語言；鼓勵使用CommonLanguages代碼表中的代碼，但不強制一定要使用此代碼表，你也可使用其他代碼表的代碼或單純以文字表示。","http://hl7.org/fhir/ValueSet/languages","",,,,"Resource.language",0,1,"","ele-1:All FHIR elements must have a @value or children {hasValue() or (children().count() > id.count())}
"
"DocumentReference.text","DocumentReference.text","","narrative
htmlxhtmldisplay","",0,1,"","","","Narrative {[]} {[]}
","DocumentReference Resource之內容摘要以供人閱讀","人可讀的敘述，包含resource的摘要，可用於向人表述resource的內容。敘述不需要對所有的結構化資料進行編碼，但需要包含足夠的細節使人在閱讀敘述時理解「臨床安全性」。resource定義有哪些內容應該在敘述中表示，以確保臨床安全。","內嵌（contained）的resource沒有敘述，非內嵌（contained）的resource則 **建議應該（SHOULD）** 有敘述。有時resource可能只有文字表述，很少或沒有額外的結構化資料（只要滿足所有minOccurs=1的資料項目）。這可能出現在舊系統的資料，當資訊以 「文字表述區塊（text blob） 」的形式被取得，或者文字表述是原始輸入或說明，而編碼資訊稍後再添加。","","","","","","","","",,,,,"",,,,"DomainResource.text",0,1,"","ele-1:All FHIR elements must have a @value or children {hasValue() or (children().count() > id.count())}
","Act.text?"
"DocumentReference.contained","DocumentReference.contained","","inline resources
anonymous resourcescontained resources","",0,*,"","","","Resource {[]} {[]}
","Contained, inline Resources","These resources do not have an independent existence apart from the resource that contains them - they cannot be identified independently, and nor can they have their own independent transaction scope.","This should never be done when the content can be identified properly, as once identification is lost, it is extremely difficult (and context dependent) to restore it again. Contained resources may have profiles and tags In their meta elements, but SHALL NOT have security labels.","","","","","","","","",,,,,"",,,,"DomainResource.contained",0,*,"","","N/A"
"DocumentReference.extension","DocumentReference.extension","","extensions
user content","",0,*,"","","","Extension {[]} {[]}
","Additional content defined by implementations","May be used to represent additional information that is not part of the basic definition of the resource. To make the use of extensions safe and manageable, there is a strict set of governance  applied to the definition and use of extensions. Though any implementer can define an extension, there is a set of requirements that SHALL be met as part of the definition of the extension.","There can be no stigma associated with the use of extensions by any application, project, or standard - regardless of the institution or jurisdiction that uses or defines the extensions.  The use of extensions is what allows the FHIR specification to retain a core level of simplicity for everyone.","","","","","","","","",,,,,"",,,,"DomainResource.extension",0,*,"","ele-1:All FHIR elements must have a @value or children {hasValue() or (children().count() > id.count())}
ext-1:Must have either extensions or value[x], not both {extension.exists() != value.exists()}","N/A"
"DocumentReference.modifierExtension","DocumentReference.modifierExtension","","extensions
user content","",0,*,"","Y","","Extension {[]} {[]}
","Extensions that cannot be ignored","May be used to represent additional information that is not part of the basic definition of the resource and that modifies the understanding of the element that contains it and/or the understanding of the containing element's descendants. Usually modifier elements provide negation or qualification. To make the use of extensions safe and manageable, there is a strict set of governance applied to the definition and use of extensions. Though any implementer is allowed to define an extension, there is a set of requirements that SHALL be met as part of the definition of the extension. Applications processing a resource are required to check for modifier extensions.

Modifier extensions SHALL NOT change the meaning of any elements on Resource or DomainResource (including cannot change the meaning of modifierExtension itself).","There can be no stigma associated with the use of extensions by any application, project, or standard - regardless of the institution or jurisdiction that uses or defines the extensions.  The use of extensions is what allows the FHIR specification to retain a core level of simplicity for everyone.","Modifier extensions allow for extensions that *cannot* be safely ignored to be clearly distinguished from the vast majority of extensions which can be safely ignored.  This promotes interoperability by eliminating the need for implementers to prohibit the presence of extensions. For further information, see the [definition of modifier extensions](http://hl7.org/fhir/R4/extensibility.html#modifierExtension).","","","","","","","",,,,,"",,,,"DomainResource.modifierExtension",0,*,"","ele-1:All FHIR elements must have a @value or children {hasValue() or (children().count() > id.count())}
ext-1:Must have either extensions or value[x], not both {extension.exists() != value.exists()}","N/A"
"DocumentReference.masterIdentifier","DocumentReference.masterIdentifier","","","",0,1,"Y","","Y","Identifier {[]} {[]}
","主版本的識別碼","這個文件的唯一識別碼是由提供該文件的來源所賦予的。這個識別碼僅適用於該文件的特定版本。這個獨特的識別碼也可能在其他情況下用於辨認這一版本的文件","CDA 文件 Id extension及root","這個 Id 的結構和格式應與對應於 formatCode 屬性的規範一致。例如：對於 DICOM 標準文件，為64字元數字 UID；對於 HL7 CDA 格式，則為 CDA Document Id extension和 root 的序列化，格式為「oid^extension」，其中 OID 最多64位數字，Id 最多16位 UTF-8 字元。如果 OID 是不帶extension的編碼，則不應包含「^」字元。","","","","","","","",,,,,"",,,,"DocumentReference.masterIdentifier",0,1,"","ele-1:All FHIR elements must have a @value or children {hasValue() or (children().count() > id.count())}
","Event.identifier","Composition.identifier",".id","ClinicalDocument/id","FiveWs.identifier","TXA-12","DocumentEntry.uniqueId"
"DocumentReference.identifier","DocumentReference.identifier","","","",0,*,"","","Y","Identifier {[]} {[]}
","文件的其他的識別碼","與文件相關的其他識別碼，包括不分版本的識別碼。","","","","","","","","","",,,,,"",,,,"DocumentReference.identifier",0,*,"","ele-1:All FHIR elements must have a @value or children {hasValue() or (children().count() > id.count())}
","Event.identifier",".id / .setId","FiveWs.identifier","TXA-16?","DocumentEntry.entryUUID"
"DocumentReference.status","DocumentReference.status","","","",1,1,"Y","Y","Y","code {[]} {[]}
","current | superseded | entered-in-error","此文件參照的狀態"," DocumentReference 物件的狀態，可能與 docStatus 資料項目無關，兩者可以是獨立設定。
此資料項目被標記為修飾用(modifier)，因為狀態包含標記 resource 為當前無效的代碼。","","","","","<valueCode xmlns=""http://hl7.org/fhir"" value=""current""/>","","","",,"required","文件參照的狀態；應填入所綁定值集中的其中一個代碼。","http://hl7.org/fhir/ValueSet/document-reference-status|4.0.1","",,,,"DocumentReference.status",1,1,"","ele-1:All FHIR elements must have a @value or children {hasValue() or (children().count() > id.count())}
","Event.status","interim: .completionCode=""IN"" & ./statusCode[isNormalDatatype()]=""active"";  final: .completionCode=""AU"" &&  ./statusCode[isNormalDatatype()]=""complete"" and not(./inboundRelationship[typeCode=""SUBJ"" and isNormalActRelationship()]/source[subsumesCode(""ActClass#CACT"") and moodCode=""EVN"" and domainMember(""ReviseDocument"", code) and isNormalAct()]);  amended: .completionCode=""AU"" &&  ./statusCode[isNormalDatatype()]=""complete"" and ./inboundRelationship[typeCode=""SUBJ"" and isNormalActRelationship()]/source[subsumesCode(""ActClass#CACT"") and moodCode=""EVN"" and domainMember(""ReviseDocument"", code) and isNormalAct() and statusCode=""completed""];  withdrawn : .completionCode=NI &&  ./statusCode[isNormalDatatype()]=""obsolete""","FiveWs.status","TXA-19","DocumentEntry.availabilityStatus"
"DocumentReference.docStatus","DocumentReference.docStatus","","","",0,1,"","","Y","code {[]} {[]}
","preliminary | final | amended | entered-in-error","基礎文件的狀態","被參照的文件可能會處在不同的階段或狀態中，例如初稿、完稿等不同的生命週期階段。","","","","","","","","",,"required","基礎文件的狀態；應填入所綁定值集中的其中一個代碼。","http://hl7.org/fhir/ValueSet/composition-status|4.0.1","",,,,"DocumentReference.docStatus",0,1,"","ele-1:All FHIR elements must have a @value or children {hasValue() or (children().count() > id.count())}
","Composition.status",".statusCode","FiveWs.status","TXA-17"
"DocumentReference.type","DocumentReference.type","","","",0,1,"Y","","","CodeableConcept {[CanonicalType[https://twcore.mohw.gov.tw/ig/twcore/StructureDefinition/CodeableConcept-tw]]} {[]}
","文件的類型（如果可能，使用 LOINC 代碼）","被參照文件的具體類型，例如是關於病人的病史和體檢報告、出院摘要、病程摘要等。這樣的類型通常與文件被創建和使用的目的是一致的。","關鍵metadata描述了文件的確切類型，有助於人們在查看文件清單時判斷該文件是否感興趣。","","","","","","","","",,"extensible","應填入所綁定值集中適合的代碼，確定無適合的代碼才可以使用其他值集的代碼來表示。","https://twcore.mohw.gov.tw/ig/twcore/ValueSet/loinc-type-doc-code","",,,,"DocumentReference.type",0,1,"ele-1
","ele-1:All FHIR elements must have a @value or children {hasValue() or (children().count() > id.count())}
","n/a","CD","CE/CNE/CWE"
"DocumentReference.category","DocumentReference.category","","claxs
","",1,1,"Y","","","CodeableConcept {[CanonicalType[https://twcore.mohw.gov.tw/ig/twcore/StructureDefinition/CodeableConcept-tw]]} {[]}
","文件的類別","文件的一個分類標準，用於幫助對文件進行索引和查詢。這個分類可能直接基於或是由 DocumentReference.type 指定的代碼來確定。","關鍵metadata描述文件的大類或類型。這種分類是基於文件可能的用途或功能，將具有相似用途的文件劃分為同一組。在進行文件查詢時，這個分類作為一個主要的查詢條件。","","","","","","","","",,"required","","https://nhicore.nhi.gov.tw/pas/ValueSet/nhi-pdf-type","",,,,"DocumentReference.category",0,*,"ele-1
","ele-1:All FHIR elements must have a @value or children {hasValue() or (children().count() > id.count())}
","n/a","CD","CE/CNE/CWE"
"DocumentReference.category.id","DocumentReference.category.id","","","",0,1,"","","","string {[]} {[]}
","唯一可識別ID，以供資料項目間相互參照。","resource中資料項目的唯一ID（用於內部參照）。這可以是任何不含空格的字串。","","","","","","","","","",,,,,"",,,,"Element.id",0,1,"","","n/a"
"DocumentReference.category.extension","DocumentReference.category.extension","","","",0,*,"","","","Extension {[]} {[]}
","擴充的資料項目","擴充的資料項目","","","","","","","","","",,,,,"","value:url}
","Extensions are always sliced by (at least) url",,"open","Element.extension",0,*,"","ele-1:All FHIR elements must have a @value or children {hasValue() or (children().count() > id.count())}
ext-1:Must have either extensions or value[x], not both {extension.exists() != value.exists()}"
"DocumentReference.category.coding","DocumentReference.category.coding","","","",1,1,"Y","","","Coding {[CanonicalType[https://twcore.mohw.gov.tw/ig/twcore/StructureDefinition/Coding-tw]]} {[]}
","由專門術語系統（terminology system）定義的代碼","由專門術語系統（terminology system）所定義之代碼的參照","代碼可以在列舉清單（enumerations）或代碼清單（code lists）中非常隨意地定義，直至有非常正式的定義，例如：SNOMED CT—更多資訊見HL7 v3核心原則（Core Principles ）。編碼的排序是未定義的因而 **必須沒有（SHALL NOT）** 被用來推斷意義。一般來說，最多只有一個編碼值（coding values）會被標記為UserSelected = true。","允許代碼系統中的替代編碼，以及翻譯到其他編碼系統。","","","","","","","",,,,,"",,,,"CodeableConcept.coding",0,*,"ele-1
","ele-1:All FHIR elements must have a @value or children {hasValue() or (children().count() > id.count())}
","n/a","CV","CE/CNE/CWE subset one of the sets of component 1-3 or 4-6"
"DocumentReference.category.coding.id","DocumentReference.category.coding.id","","","",0,1,"","","","string {[]} {[]}
","唯一可識別ID，以供資料項目間相互參照。","resource中資料項目的唯一ID（用於內部參照），這可以是任何不含空格的字串。","","","","","","","","","",,,,,"",,,,"Element.id",0,1,"","","n/a"
"DocumentReference.category.coding.extension","DocumentReference.category.coding.extension","","","",0,*,"","","","Extension {[]} {[]}
","擴充的資料項目","可用於表示不屬於此資料項目基本定義的附加資訊。為了擴充的使用安全和可管理，對擴充的定義和使用有一套嚴格的管理。儘管任何實作者都可以定義一個擴充，但作為擴充定義的一部分，有一套要求 **必須（SHALL）** 滿足。","無論使用或定義擴充的機構或管轄區，任何應用程式、專案或標準使用擴充都不背負任何污名（stigma）。使用擴充是允許FHIR規範為每個人保留一個核心的簡易性。","","","","","","","","",,,,,"","value:url}
","Extensions are always sliced by (at least) url",,"open","Element.extension",0,*,"","ele-1:All FHIR elements must have a @value or children {hasValue() or (children().count() > id.count())}
ext-1:Must have either extensions or value[x], not both {extension.exists() != value.exists()}"
"DocumentReference.category.coding.system","DocumentReference.category.coding.system","","","",0,1,"Y","","Y","uri {[]} {[]}
","專門術語系統（terminology system）的識別","定義代碼中符號意義的代碼系統識別","URI可以是一個OID（urn:oid:...）或一個UUID（urn:uuid:...）；OID和UUID **必須（SHALL）** 參照HL7 OID註冊中心；否則，URI應該來自HL7的FHIR定義的特殊URI列表，或者它應該參照一些明確建立的系统定義。","需要明確說明符號定義的來源","","","","","","","",,,,,"",,,,"Coding.system",0,1,"","ele-1:All FHIR elements must have a @value or children {hasValue() or (children().count() > id.count())}
","./codeSystem","C*E.3"
"DocumentReference.category.coding.version","DocumentReference.category.coding.version","","","",0,1,"","","Y","string {[]} {[]}
","系統的版本—如果相關的話","選擇此代碼時使用的代碼系統版本；請注意，一個維護良好的代碼系統不需要版本報告，因為代碼的意義在不同系統版本中是一致的；然而，不能始終保證這點，當不能保證意義一致時， **必須（SHALL）** 將版本資訊也一併作交換。","如果專門術語沒有明確定義應該使用什麼字串來識別代碼系統的版本，建議使用版本正式發布的日期（用FHIR日期格式表示）作為版本日期。","","","","","","","","",,,,,"",,,,"Coding.version",0,1,"","ele-1:All FHIR elements must have a @value or children {hasValue() or (children().count() > id.count())}
","./codeSystemVersion","C*E.7"
"DocumentReference.category.coding.code","DocumentReference.category.coding.code","","","",1,1,"Y","","Y","code {[]} {[]}
","系統定義的語法之符號","系統定義的語法之符號；符號可能是一個預先定義的代碼，也可能是代碼系統定義的語法中的表達式（如後組合配對／後組合式）。","","需要參照系統中的一個特定代碼","","","","","","","",,,,,"",,,,"Coding.code",0,1,"","ele-1:All FHIR elements must have a @value or children {hasValue() or (children().count() > id.count())}
","./code","C*E.1"
"DocumentReference.category.coding.display","DocumentReference.category.coding.display","","","",0,1,"Y","","Y","string {[]} {[]}
","由系統定義的表示法","遵循系統的規則以呈現代碼含義的表示法","","需要能為不了解此系統的讀者呈現可讀的代碼含義","","","","","","","",,,,,"",,,,"Coding.display",0,1,"","ele-1:All FHIR elements must have a @value or children {hasValue() or (children().count() > id.count())}
","CV.displayName","C*E.2 - but note this is not well followed"
"DocumentReference.category.coding.userSelected","DocumentReference.category.coding.userSelected","","","",0,1,"","","Y","boolean {[]} {[]}
","此編碼是否由使用者直接選擇？","表明此編碼是由使用者直接選擇，例如：從可用項目（代碼或顯示名稱）的清單中選擇。","在一系列備選方案中，直接選擇的代碼是新翻譯最合適的起點；關於「直接選擇」的確切意義，存在模糊不清之處，可能需要貿易夥伴的同意，以更完整澄清此資料項目的使用及其後果。","已被確定為一個臨床安全準則—此確切的系統／代碼對(code pair)是被明確選擇的，而不是由系統根據一些規則或是程式語言處理判斷。","","","","","","","",,,,,"",,,,"Coding.userSelected",0,1,"","ele-1:All FHIR elements must have a @value or children {hasValue() or (children().count() > id.count())}
","CD.codingRationale","Sometimes implied by being first"
"DocumentReference.category.text","DocumentReference.category.text","","","",0,1,"Y","","Y","string {[]} {[]}
","概念的文字表示法","輸入資料的使用者所見／所選／所說的人類可讀文字表述，和（或）其代表使用者的預期含義。","很多時候，此文字表述與其中一個代碼的顯示名稱相同。","專門術語中的代碼並不總是能捕捉人類使用的細微差別的正確意義，或者根本就沒有合適的代碼；這些情況下，文字表述被用來捕捉來源的全部意義。","","","","","","","",,,,,"",,,,"CodeableConcept.text",0,1,"","ele-1:All FHIR elements must have a @value or children {hasValue() or (children().count() > id.count())}
","./originalText[mediaType/code=""text/plain""]/data","C*E.9. But note many systems use C*E.2 for this"
"DocumentReference.subject","DocumentReference.subject","","","",1,1,"Y","","Y","Reference {[]} {[CanonicalType[https://nhicore.nhi.gov.tw/pas/StructureDefinition/Patient-twpas]]}
","文件描述的對象是誰/是什麼？","文件可能涉及的對象範圍。這意味著文件可能描述的是一個人（例如病人或健康照護服務提供者）、一個設備（比如某種醫療機構），或者是一組特定的對象，比如一群農場動物或者一批有著相同健康風險的病人。","","","","","","","","","",,,,,"",,,,"DocumentReference.subject",0,1,"","ele-1:All FHIR elements must have a @value or children {hasValue() or (children().count() > id.count())}
","Event.subject","Composition.subject",".participation[typeCode=""SBJ""].role[typeCode=""PAT""]","ClinicalDocument/recordTarget/","FiveWs.subject[x]","FiveWs.subject","PID-3 (No standard way to define a Practitioner or Group subject in HL7 v2 MDM message)","DocumentEntry.patientId"
"DocumentReference.date","DocumentReference.date","","indexed
","",0,1,"Y","","Y","instant {[]} {[]}
","文件參照的創建時間是何時？","文件參照的創建時間是何時？","文件的參照或索引時間被用於來追蹤文件的歷史、組織不同的版本及需要時查詢特定文件。","","","","","","","","",,,,,"",,,,"DocumentReference.date",0,1,"","ele-1:All FHIR elements must have a @value or children {hasValue() or (children().count() > id.count())}
","Event.occurrence[x]","Composition.date",".availabilityTime[type=""TS""]","FiveWs.recorded"
"DocumentReference.author","DocumentReference.author","","","",0,*,"Y","","Y","Reference {[]} {[CanonicalType[https://twcore.mohw.gov.tw/ig/twcore/StructureDefinition/Practitioner-twcore], CanonicalType[https://twcore.mohw.gov.tw/ig/twcore/StructureDefinition/PractitionerRole-twcore], CanonicalType[https://twcore.mohw.gov.tw/ig/twcore/StructureDefinition/Organization-twcore], CanonicalType[http://hl7.org/fhir/StructureDefinition/Device], CanonicalType[https://twcore.mohw.gov.tw/ig/twcore/StructureDefinition/Patient-twcore], CanonicalType[https://twcore.mohw.gov.tw/ig/twcore/StructureDefinition/RelatedPerson-twcore]]}
","誰以及/或什麼創建了文件","識別誰負責將資訊添加到文件中","未必是輸入資料的人（例如：打字員），也不必是提供資訊的人（例如：資訊提供者）。","","","","","","","","",,,,,"",,,,"DocumentReference.author",0,*,"","ele-1:All FHIR elements must have a @value or children {hasValue() or (children().count() > id.count())}
","Event.performer.actor","Composition.author",".participation[typeCode=""AUT""].role[classCode=""ASSIGNED""]","ClinicalDocument/author","TXA-9 (No standard way to indicate a Device in HL7 v2 MDM message)","DocumentEntry.author"
"DocumentReference.authenticator","DocumentReference.authenticator","","","",0,1,"","","","Reference {[]} {[CanonicalType[https://twcore.mohw.gov.tw/ig/twcore/StructureDefinition/Practitioner-twcore], CanonicalType[https://twcore.mohw.gov.tw/ig/twcore/StructureDefinition/PractitionerRole-twcore], CanonicalType[https://twcore.mohw.gov.tw/ig/twcore/StructureDefinition/Organization-twcore]]}
","誰/什麼對文件進行了認證","哪個人或機構認證這份文件是有效的","代表在作者機構內，一位已經合法認證或證實文件的參與者。合法認證意味著一份文件已經被法律認證人手動或電子簽章。","","","","","","","","",,,,,"",,,,"DocumentReference.authenticator",0,1,"","ele-1:All FHIR elements must have a @value or children {hasValue() or (children().count() > id.count())}
","Event.performer.actor","Composition.attester",".participation[typeCode=""AUTHEN""].role[classCode=""ASSIGNED""]","ClinicalDocument/legalAuthenticator","FiveWs.witness","TXA-10","DocumentEntry.legalAuthenticator"
"DocumentReference.custodian","DocumentReference.custodian","","","",0,1,"","","","Reference {[]} {[CanonicalType[https://twcore.mohw.gov.tw/ig/twcore/StructureDefinition/Organization-twcore]]}
","維護此文件的機構","負責文件持續維護和存取的機構或團體","為了找到文件的最新版本或是報告問題等，需要知道哪個組織（可能是某個軟體系統、供應商或部門）負責。這與文件實際存儲的實體位置（如網路地址、硬碟或伺服器）是不同的。實體位置指的是文件存放的地方，這個位置可能被授權給其他組織來進行管理。簡單來說，就是指明負責文件更新和問題反饋的機構，和文件存放位置之間的區別。","","","","","","","","",,,,,"",,,,"DocumentReference.custodian",0,1,"","ele-1:All FHIR elements must have a @value or children {hasValue() or (children().count() > id.count())}
","Event.performer.actor","Composition.custodian",".participation[typeCode=""RCV""].role[classCode=""CUST""].scoper[classCode=""ORG"" and determinerCode=""INST""]"
"DocumentReference.relatesTo","DocumentReference.relatesTo","","","",0,*,"","","Y","BackboneElement {[]} {[]}
","與其他文件的關係","此文件與已經存在的其他文件參照之間的關係","這個資料項目被標記為修飾用(modifier)，因為附加到其他文件上的文件本身是不完整的。","","","","","","","","",,,,,"",,,,"DocumentReference.relatesTo",0,*,"","ele-1:All FHIR elements must have a @value or children {hasValue() or (children().count() > id.count())}
","Composition.relatesTo",".outboundRelationship","DocumentEntry Associations"
"DocumentReference.relatesTo.id","DocumentReference.relatesTo.id","","","",0,1,"","","","string {[]} {[]}
","Unique id for inter-element referencing","Unique id for the element within a resource (for internal references). This may be any string value that does not contain spaces.","","","","","","","","","",,,,,"",,,,"Element.id",0,1,"","","n/a"
"DocumentReference.relatesTo.extension","DocumentReference.relatesTo.extension","","extensions
user content","",0,*,"","","","Extension {[]} {[]}
","Additional content defined by implementations","May be used to represent additional information that is not part of the basic definition of the element. To make the use of extensions safe and manageable, there is a strict set of governance  applied to the definition and use of extensions. Though any implementer can define an extension, there is a set of requirements that SHALL be met as part of the definition of the extension.","There can be no stigma associated with the use of extensions by any application, project, or standard - regardless of the institution or jurisdiction that uses or defines the extensions.  The use of extensions is what allows the FHIR specification to retain a core level of simplicity for everyone.","","","","","","","","",,,,,"",,,,"Element.extension",0,*,"","ele-1:All FHIR elements must have a @value or children {hasValue() or (children().count() > id.count())}
ext-1:Must have either extensions or value[x], not both {extension.exists() != value.exists()}","n/a"
"DocumentReference.relatesTo.modifierExtension","DocumentReference.relatesTo.modifierExtension","","extensions
user contentmodifiers","",0,*,"","Y","Y","Extension {[]} {[]}
","Extensions that cannot be ignored even if unrecognized","May be used to represent additional information that is not part of the basic definition of the element and that modifies the understanding of the element in which it is contained and/or the understanding of the containing element's descendants. Usually modifier elements provide negation or qualification. To make the use of extensions safe and manageable, there is a strict set of governance applied to the definition and use of extensions. Though any implementer can define an extension, there is a set of requirements that SHALL be met as part of the definition of the extension. Applications processing a resource are required to check for modifier extensions.

Modifier extensions SHALL NOT change the meaning of any elements on Resource or DomainResource (including cannot change the meaning of modifierExtension itself).","There can be no stigma associated with the use of extensions by any application, project, or standard - regardless of the institution or jurisdiction that uses or defines the extensions.  The use of extensions is what allows the FHIR specification to retain a core level of simplicity for everyone.","Modifier extensions allow for extensions that *cannot* be safely ignored to be clearly distinguished from the vast majority of extensions which can be safely ignored.  This promotes interoperability by eliminating the need for implementers to prohibit the presence of extensions. For further information, see the [definition of modifier extensions](http://hl7.org/fhir/R4/extensibility.html#modifierExtension).","","","","","","","",,,,,"",,,,"BackboneElement.modifierExtension",0,*,"","ele-1:All FHIR elements must have a @value or children {hasValue() or (children().count() > id.count())}
ext-1:Must have either extensions or value[x], not both {extension.exists() != value.exists()}","N/A"
"DocumentReference.relatesTo.code","DocumentReference.relatesTo.code","","","",1,1,"","","Y","code {[]} {[]}
","replaces | transforms | signs | appends","此文件與另一文件的關係類型","如果此文件是對另一份文件進行附加，那麼不存取被參照的文件，此文件就無法被完全理解。","","","","","","","","",,"required","文件之間的關係類型；應填入所綁定值集中的其中一個代碼。","http://hl7.org/fhir/ValueSet/document-relationship-type|4.0.1","",,,,"DocumentReference.relatesTo.code",1,1,"","ele-1:All FHIR elements must have a @value or children {hasValue() or (children().count() > id.count())}
","Composition.relatesTo.code",".outboundRelationship.typeCode","DocumentEntry Associations type"
"DocumentReference.relatesTo.target","DocumentReference.relatesTo.target","","","",1,1,"","","Y","Reference {[]} {[CanonicalType[https://twcore.mohw.gov.tw/ig/twcore/StructureDefinition/DocumentReference-twcore]]}
","存在此關係的目標文件","存在此關係的目標文件","","","","","","","","","",,,,,"",,,,"DocumentReference.relatesTo.target",1,1,"","ele-1:All FHIR elements must have a @value or children {hasValue() or (children().count() > id.count())}
","Composition.relatesTo.target",".target[classCode=""DOC"", moodCode=""EVN""].id","DocumentEntry Associations reference"
"DocumentReference.description","DocumentReference.description","","","",0,1,"","","Y","string {[]} {[]}
","人可讀的描述。","來源文件的人可讀描述","文件的內容簡介，提供了一個關於文件主要內容的簡明扼要的總結。","有助於人們判斷文件是否具有興趣價值","","","","","","","",,,,,"",,,,"DocumentReference.description",0,1,"","ele-1:All FHIR elements must have a @value or children {hasValue() or (children().count() > id.count())}
",".outboundRelationship[typeCode=""SUBJ""].target.text","TXA-25","DocumentEntry.comments"
"DocumentReference.securityLabel","DocumentReference.securityLabel","","","",0,*,"","","","CodeableConcept {[CanonicalType[https://twcore.mohw.gov.tw/ig/twcore/StructureDefinition/CodeableConcept-tw]]} {[]}
","文件的安全標籤(security-tags)","在文件的參照資訊中，會使用一系列的安全標籤代碼來指明該文件的隱私和安全等級。其中，DocumentReference.meta.security 用來表示參照這份文件本身的安全標籤，也就是說明參照資訊的安全等級；而 DocumentReference.securityLabel 則展示了被參照文件在那一刻的安全標籤狀態，即原始文件的安全等級。簡單來說，就是有兩種標籤，一種用於標示參照的安全性，另一種用於顯示原文件的安全性。","一種用於文件共享環境中的安全性和隱私標籤系統，即HL7醫療隱私和安全分類系統（HCS）。這套系統包括多種與文件保密性、敏感度、資料完整性和特定處理要求相關的標籤或代碼，這些代碼有的是通用的，有的則可能是特定於某一機構或項目的。雖然這套系統被推薦使用於如XDS Affinity Domain這樣的政策領域中，但具體是否採用，以及如何採用，則取決於該領域的管理政策和規範。簡言之，這是一套幫助確定文件如何被標記和處理的標籤系統，但使用與否由各自的政策領域決定。","Use of the Health Care Privacy/Security Classification (HCS) system of security-tag use is recommended.","","","","","","","",,"extensible","應填入所綁定值集中適合的代碼，確定無適合的代碼才可以使用其他值集的代碼來表示。","http://hl7.org/fhir/ValueSet/security-labels","",,,,"DocumentReference.securityLabel",0,*,"ele-1
","ele-1:All FHIR elements must have a @value or children {hasValue() or (children().count() > id.count())}
","n/a","CD","CE/CNE/CWE"
"DocumentReference.content","DocumentReference.content","","","",1,*,"Y","","Y","BackboneElement {[]} {[]}
","被參照的文件","參照的文件和格式。可能存在多個content資料項目，每個資料項目都有不同的格式。","","","","","","","","","",,,,,"",,,,"DocumentReference.content",1,*,"","ele-1:All FHIR elements must have a @value or children {hasValue() or (children().count() > id.count())}
","Bundle(Composition+*)","document.text"
"DocumentReference.content.id","DocumentReference.content.id","","","",0,1,"","","","string {[]} {[]}
","Unique id for inter-element referencing","Unique id for the element within a resource (for internal references). This may be any string value that does not contain spaces.","","","","","","","","","",,,,,"",,,,"Element.id",0,1,"","","n/a"
"DocumentReference.content.extension","DocumentReference.content.extension","","extensions
user content","",0,*,"","","","Extension {[]} {[]}
","Additional content defined by implementations","May be used to represent additional information that is not part of the basic definition of the element. To make the use of extensions safe and manageable, there is a strict set of governance  applied to the definition and use of extensions. Though any implementer can define an extension, there is a set of requirements that SHALL be met as part of the definition of the extension.","There can be no stigma associated with the use of extensions by any application, project, or standard - regardless of the institution or jurisdiction that uses or defines the extensions.  The use of extensions is what allows the FHIR specification to retain a core level of simplicity for everyone.","","","","","","","","",,,,,"",,,,"Element.extension",0,*,"","ele-1:All FHIR elements must have a @value or children {hasValue() or (children().count() > id.count())}
ext-1:Must have either extensions or value[x], not both {extension.exists() != value.exists()}","n/a"
"DocumentReference.content.modifierExtension","DocumentReference.content.modifierExtension","","extensions
user contentmodifiers","",0,*,"","Y","Y","Extension {[]} {[]}
","Extensions that cannot be ignored even if unrecognized","May be used to represent additional information that is not part of the basic definition of the element and that modifies the understanding of the element in which it is contained and/or the understanding of the containing element's descendants. Usually modifier elements provide negation or qualification. To make the use of extensions safe and manageable, there is a strict set of governance applied to the definition and use of extensions. Though any implementer can define an extension, there is a set of requirements that SHALL be met as part of the definition of the extension. Applications processing a resource are required to check for modifier extensions.

Modifier extensions SHALL NOT change the meaning of any elements on Resource or DomainResource (including cannot change the meaning of modifierExtension itself).","There can be no stigma associated with the use of extensions by any application, project, or standard - regardless of the institution or jurisdiction that uses or defines the extensions.  The use of extensions is what allows the FHIR specification to retain a core level of simplicity for everyone.","Modifier extensions allow for extensions that *cannot* be safely ignored to be clearly distinguished from the vast majority of extensions which can be safely ignored.  This promotes interoperability by eliminating the need for implementers to prohibit the presence of extensions. For further information, see the [definition of modifier extensions](http://hl7.org/fhir/R4/extensibility.html#modifierExtension).","","","","","","","",,,,,"",,,,"BackboneElement.modifierExtension",0,*,"","ele-1:All FHIR elements must have a @value or children {hasValue() or (children().count() > id.count())}
ext-1:Must have either extensions or value[x], not both {extension.exists() != value.exists()}","N/A"
"DocumentReference.content.attachment","DocumentReference.content.attachment","","","",1,1,"Y","","Y","Attachment {[]} {[]}
","存取文件的位置","文件或文件的URL以及證明內容具有完整性的關鍵metadata","","","","","","","","","",,,,,"",,,,"DocumentReference.content.attachment",1,1,"","ele-1:All FHIR elements must have a @value or children {hasValue() or (children().count() > id.count())}
UploadContent:填寫格式：file://檔名.副檔名，例如：file://US01.jpg、file://PathologyReport01.pdf、file://GenReport01.pdf、file://王大明病歷.pdf {url.matches('^file://[a-zA-Z0-9_一-龥()（）－]+.[a-zA-Z]{2,5}$')}","Composition.language, 
Composition.title, 
Composition.date","document.text","ClinicalDocument/languageCode, ClinicalDocument/title, ClinicalDocument/date","TXA-3 for mime type","DocumentEntry.mimeType, DocumentEntry.languageCode, DocumentEntry.URI, DocumentEntry.size, DocumentEntry.hash, DocumentEntry.title, DocumentEntry.creationTime"
"DocumentReference.content.attachment.id","DocumentReference.content.attachment.id","","","",0,1,"","","","string {[]} {[]}
","Unique id for inter-element referencing","Unique id for the element within a resource (for internal references). This may be any string value that does not contain spaces.","","","","","","","","","",,,,,"",,,,"Element.id",0,1,"","","n/a"
"DocumentReference.content.attachment.extension","DocumentReference.content.attachment.extension","","extensions
user content","",0,*,"","","","Extension {[]} {[]}
","Additional content defined by implementations","May be used to represent additional information that is not part of the basic definition of the element. To make the use of extensions safe and manageable, there is a strict set of governance  applied to the definition and use of extensions. Though any implementer can define an extension, there is a set of requirements that SHALL be met as part of the definition of the extension.","There can be no stigma associated with the use of extensions by any application, project, or standard - regardless of the institution or jurisdiction that uses or defines the extensions.  The use of extensions is what allows the FHIR specification to retain a core level of simplicity for everyone.","","","","","","","","",,,,,"","value:url}
","Extensions are always sliced by (at least) url",,"open","Element.extension",0,*,"","ele-1:All FHIR elements must have a @value or children {hasValue() or (children().count() > id.count())}
ext-1:Must have either extensions or value[x], not both {extension.exists() != value.exists()}","n/a"
"DocumentReference.content.attachment.contentType","DocumentReference.content.attachment.contentType","","","",1,1,"Y","","Y","code {[]} {[]}
","報告結果-MIMEType","Identifies the type of the data in the attachment and allows a method to be chosen to interpret or render the data. Includes mime type parameters such as charset where appropriate.","","Processors of the data need to be able to know how to interpret the data.","","","","<valueCode xmlns=""http://hl7.org/fhir"" value=""application/pdf""/>","<valueCode xmlns=""http://hl7.org/fhir"" value=""text/plain; charset=UTF-8, image/png""/>","","",,"required","The mime type of an attachment. Any valid mime type is allowed.","http://hl7.org/fhir/ValueSet/mimetypes|4.0.1","",,,,"Attachment.contentType",0,1,"","ele-1:All FHIR elements must have a @value or children {hasValue() or (children().count() > id.count())}
","./mediaType, ./charset","ED.2+ED.3/RP.2+RP.3. Note conversion may be needed if old style values are being used"
"DocumentReference.content.attachment.language","DocumentReference.content.attachment.language","","","",0,1,"","","Y","code {[]} {[]}
","Human language of the content (BCP-47)","The human language of the content. The value can be any valid value according to BCP 47.","","Users need to be able to choose between the languages in a set of attachments.","","","","","<valueCode xmlns=""http://hl7.org/fhir"" value=""en-AU""/>","","",,"preferred","A human language.","http://hl7.org/fhir/ValueSet/languages","",,,,"Attachment.language",0,1,"","ele-1:All FHIR elements must have a @value or children {hasValue() or (children().count() > id.count())}
","./language"
"DocumentReference.content.attachment.data","DocumentReference.content.attachment.data","","","",0,1,"","","","base64Binary {[]} {[]}
","Data inline, base64ed","The actual data of the attachment - a sequence of bytes, base64 encoded.","The base64-encoded data SHALL be expressed in the same character set as the base resource XML or JSON.","The data needs to able to be transmitted inline.","","","","","","","",,,,,"",,,,"Attachment.data",0,1,"","ele-1:All FHIR elements must have a @value or children {hasValue() or (children().count() > id.count())}
","./data","ED.5"
"DocumentReference.content.attachment.url","DocumentReference.content.attachment.url","","","",1,1,"Y","","Y","url {[]} {[]}
","基因報告／治療計畫文件／檢驗(查)附件／病歷資料。（請填寫完整檔案路徑）","A location where the data can be accessed.","If both data and url are provided, the url SHALL point to the same content as the data contains. Urls may be relative references or may reference transient locations such as a wrapping envelope using cid: though this has ramifications for using signatures. Relative URLs are interpreted relative to the service url, like a resource reference, rather than relative to the resource itself. If a URL is provided, it SHALL resolve to actual data.","The data needs to be transmitted by reference.","","","","","<valueUrl xmlns=""http://hl7.org/fhir"" value=""http://www.acme.com/logo-small.png""/>","","",,,,,"",,,,"Attachment.url",0,1,"","ele-1:All FHIR elements must have a @value or children {hasValue() or (children().count() > id.count())}
","./reference/literal","RP.1+RP.2 - if they refer to a URL (see v2.6)"
"DocumentReference.content.attachment.size","DocumentReference.content.attachment.size","","","",0,1,"","","Y","unsignedInt {[]} {[]}
","Number of bytes of content (if url provided)","The number of bytes of data that make up this attachment (before base64 encoding, if that is done).","The number of bytes is redundant if the data is provided as a base64binary, but is useful if the data is provided as a url reference.","Representing the size allows applications to determine whether they should fetch the content automatically in advance, or refuse to fetch it at all.","","","","","","","",,,,,"",,,,"Attachment.size",0,1,"","ele-1:All FHIR elements must have a @value or children {hasValue() or (children().count() > id.count())}
","N/A (needs data type R3 proposal)"
"DocumentReference.content.attachment.hash","DocumentReference.content.attachment.hash","","","",0,1,"","","Y","base64Binary {[]} {[]}
","Hash of the data (sha-1, base64ed)","The calculated hash of the data using SHA-1. Represented using base64.","The hash is calculated on the data prior to base64 encoding, if the data is based64 encoded. The hash is not intended to support digital signatures. Where protection against malicious threats a digital signature should be considered, see [Provenance.signature](http://hl7.org/fhir/R4/provenance-definitions.html#Provenance.signature) for mechanism to protect a resource with a digital signature.","Included so that applications can verify that the contents of a location have not changed due to technical failures (e.g., storage rot, transport glitch, incorrect version).","","","","","","","",,,,,"",,,,"Attachment.hash",0,1,"","ele-1:All FHIR elements must have a @value or children {hasValue() or (children().count() > id.count())}
",".integrityCheck[parent::ED/integrityCheckAlgorithm=""SHA-1""]"
"DocumentReference.content.attachment.title","DocumentReference.content.attachment.title","","","",0,1,"Y","","Y","string {[]} {[]}
","基因報告名稱／治療計畫文件名稱／檢驗(查)附件名稱／病歷資料名稱。若category為「治療計畫文件(#careplan)」，請擇一填寫：「免疫檢查點抑制劑治療計畫／CAR-T多團隊會議紀錄／造血幹細胞移植計畫書」。","A label or set of text to display in place of the data.","","Applications need a label to display to a human user in place of the actual data if the data cannot be rendered or perceived by the viewer.","","","","","<valueString xmlns=""http://hl7.org/fhir"" value=""Official Corporate Logo""/>","","",,,,,"",,,,"Attachment.title",0,1,"","ele-1:All FHIR elements must have a @value or children {hasValue() or (children().count() > id.count())}
","./title/data"
"DocumentReference.content.attachment.creation","DocumentReference.content.attachment.creation","","","",0,1,"","","Y","dateTime {[]} {[]}
","Date attachment was first created","The date that the attachment was first created.","","This is often tracked as an integrity issue for use of the attachment.","","","","","","","",,,,,"",,,,"Attachment.creation",0,1,"","ele-1:All FHIR elements must have a @value or children {hasValue() or (children().count() > id.count())}
","N/A (needs data type R3 proposal)"
"DocumentReference.content.format","DocumentReference.content.format","","","",0,1,"","","Y","Coding {[]} {[]}
","文件的格式/內容規則。","這個識別碼用來表明文件符合的編碼方式、結構和模板，這些特性是除了在 mimeType（文件類型）裡已指明的基本格式之外的部分。","請注意，雖然 IHE 通常為不同格式類型發布統一資源名稱( URN)，但並非所有文件都能透過 統一資源識別碼(URI) 來識別。","","","","","","","","",,"preferred","鼓勵使用所綁定值集中的代碼，但不強制一定要使用此值集，你也可使用其他值集的代碼或單純以文字表示。","http://hl7.org/fhir/ValueSet/formatcodes","",,,,"DocumentReference.content.format",0,1,"","ele-1:All FHIR elements must have a @value or children {hasValue() or (children().count() > id.count())}
","Composition.meta.profile","document.text","derived from the IHE Profile or Implementation Guide templateID","DocumentEntry.formatCode"
"DocumentReference.context","DocumentReference.context","","","",0,1,"","","Y","BackboneElement {[]} {[]}
","文件的臨床背景","文件所涉及的臨床情境或背景","這些值主要用於幫助查詢感興趣/相關的文件而添加的","","","","","","","","",,,,,"",,,,"DocumentReference.context",0,1,"","ele-1:All FHIR elements must have a @value or children {hasValue() or (children().count() > id.count())}
","outboundRelationship[typeCode=""SUBJ""].target[classCode<'ACT']"
"DocumentReference.context.id","DocumentReference.context.id","","","",0,1,"","","","string {[]} {[]}
","Unique id for inter-element referencing","Unique id for the element within a resource (for internal references). This may be any string value that does not contain spaces.","","","","","","","","","",,,,,"",,,,"Element.id",0,1,"","","n/a"
"DocumentReference.context.extension","DocumentReference.context.extension","","extensions
user content","",0,*,"","","","Extension {[]} {[]}
","Additional content defined by implementations","May be used to represent additional information that is not part of the basic definition of the element. To make the use of extensions safe and manageable, there is a strict set of governance  applied to the definition and use of extensions. Though any implementer can define an extension, there is a set of requirements that SHALL be met as part of the definition of the extension.","There can be no stigma associated with the use of extensions by any application, project, or standard - regardless of the institution or jurisdiction that uses or defines the extensions.  The use of extensions is what allows the FHIR specification to retain a core level of simplicity for everyone.","","","","","","","","",,,,,"",,,,"Element.extension",0,*,"","ele-1:All FHIR elements must have a @value or children {hasValue() or (children().count() > id.count())}
ext-1:Must have either extensions or value[x], not both {extension.exists() != value.exists()}","n/a"
"DocumentReference.context.modifierExtension","DocumentReference.context.modifierExtension","","extensions
user contentmodifiers","",0,*,"","Y","Y","Extension {[]} {[]}
","Extensions that cannot be ignored even if unrecognized","May be used to represent additional information that is not part of the basic definition of the element and that modifies the understanding of the element in which it is contained and/or the understanding of the containing element's descendants. Usually modifier elements provide negation or qualification. To make the use of extensions safe and manageable, there is a strict set of governance applied to the definition and use of extensions. Though any implementer can define an extension, there is a set of requirements that SHALL be met as part of the definition of the extension. Applications processing a resource are required to check for modifier extensions.

Modifier extensions SHALL NOT change the meaning of any elements on Resource or DomainResource (including cannot change the meaning of modifierExtension itself).","There can be no stigma associated with the use of extensions by any application, project, or standard - regardless of the institution or jurisdiction that uses or defines the extensions.  The use of extensions is what allows the FHIR specification to retain a core level of simplicity for everyone.","Modifier extensions allow for extensions that *cannot* be safely ignored to be clearly distinguished from the vast majority of extensions which can be safely ignored.  This promotes interoperability by eliminating the need for implementers to prohibit the presence of extensions. For further information, see the [definition of modifier extensions](http://hl7.org/fhir/R4/extensibility.html#modifierExtension).","","","","","","","",,,,,"",,,,"BackboneElement.modifierExtension",0,*,"","ele-1:All FHIR elements must have a @value or children {hasValue() or (children().count() > id.count())}
ext-1:Must have either extensions or value[x], not both {extension.exists() != value.exists()}","N/A"
"DocumentReference.context.encounter","DocumentReference.context.encounter","","","",0,*,"","","","Reference {[]} {[CanonicalType[https://twcore.mohw.gov.tw/ig/twcore/StructureDefinition/Encounter-twcore], CanonicalType[http://hl7.org/fhir/StructureDefinition/EpisodeOfCare]]}
","文件內容的臨床背景","描述文件內容所關聯的臨床就醫事件或類型","","","","","","","","","",,,,,"",,,,"DocumentReference.context.encounter",0,*,"","ele-1:All FHIR elements must have a @value or children {hasValue() or (children().count() > id.count())}
","Event.context","Composition.encounter","unique(highest(./outboundRelationship[typeCode=""SUBJ"" and isNormalActRelationship()], priorityNumber)/target[moodCode=""EVN"" and classCode=(""ENC"", ""PCPR"") and isNormalAct])","FiveWs.context"
"DocumentReference.context.event","DocumentReference.context.event","","","",0,*,"","","","CodeableConcept {[CanonicalType[https://twcore.mohw.gov.tw/ig/twcore/StructureDefinition/CodeableConcept-tw]]} {[]}
","正在記錄的主要臨床行為","這個代碼清單代表了正在記錄的主要臨床行為，例如：結腸鏡檢查或闌尾切除手術。在某些情況下，事件已經隱含在類型代碼中，例如在「病史和體檢報告」中，正在記錄的必然是「病史和體檢」行為。","事件可以進一步專注於類型中所隱含的行為，例如當它僅為「處置報告」，而該處置是「結腸鏡檢查」。如果包括一個或多個事件代碼，則它們不應與class或type資料項目中的值相衝突，因為這樣的衝突會導致情況變得模糊不清。","","","","","","","","",,"example","可參考所綁定值集，但此值集只是針對這個欄位的一個可能值的範例，不預期也不鼓勵使用者一定要使用此值集的代碼。","http://terminology.hl7.org/ValueSet/v3-ActCode","",,,,"DocumentReference.context.event",0,*,"ele-1
","ele-1:All FHIR elements must have a @value or children {hasValue() or (children().count() > id.count())}
","n/a","CD","CE/CNE/CWE"
"DocumentReference.context.period","DocumentReference.context.period","","","",0,1,"","","Y","Period {[]} {[]}
","被記錄的服務時間","文件描述的是提供服務的時間範圍","","","","","","","","","",,,,,"",,,,"DocumentReference.context.period",0,1,"","ele-1:All FHIR elements must have a @value or children {hasValue() or (children().count() > id.count())}
","Composition.event.period",".effectiveTime","ClinicalDocument/documentationOf/
serviceEvent/effectiveTime/low/
@value --> ClinicalDocument/documentationOf/
serviceEvent/effectiveTime/high/
@value","DocumentEntry.serviceStartTime, DocumentEntry.serviceStopTime"
"DocumentReference.context.facilityType","DocumentReference.context.facilityType","","","",0,1,"","","","CodeableConcept {[]} {[]}
","病人接受治療的機構類型","病人接受治療的機構類型","","","","","","","","","",,"example","可參考所綁定值集，但此值集只是針對這個欄位的一個可能值的範例，不預期也不鼓勵使用者一定要使用此值集的代碼。","http://hl7.org/fhir/ValueSet/c80-facilitycodes","",,,,"DocumentReference.context.facilityType",0,1,"","ele-1:All FHIR elements must have a @value or children {hasValue() or (children().count() > id.count())}
","usually from a mapping to a local ValueSet",".participation[typeCode=""LOC""].role[classCode=""DSDLOC""].code","usually a mapping to a local ValueSet. Must be consistent with /clinicalDocument/code","DocumentEntry.healthcareFacilityTypeCode"
"DocumentReference.context.practiceSetting","DocumentReference.context.practiceSetting","","","",0,1,"","","","CodeableConcept {[CanonicalType[https://twcore.mohw.gov.tw/ig/twcore/StructureDefinition/CodeableConcept-tw]]} {[]}
","內容創建的額外細節(例如：臨床專業)","此屬性可能提供有關創建內容的實務環境細節，通常反映了臨床專業。","此資料項目應基於一個粗略的專業實務分類系統，建議使用實務環境(Practice Setting)的分類系統，例如：LOINC中的主題領域(Subject Matter Domain)所描述的。","這是健康照護服務提供者(provider)經常依賴的重要metadata之一，他們通常會用來快速排序和/或篩選以找到特定的內容。","","","","","","","",,"example","可參考所綁定值集，但此值集只是針對這個欄位的一個可能值的範例，不預期也不鼓勵使用者一定要使用此值集的代碼。","http://hl7.org/fhir/ValueSet/c80-practice-codes","",,,,"DocumentReference.context.practiceSetting",0,1,"ele-1
","ele-1:All FHIR elements must have a @value or children {hasValue() or (children().count() > id.count())}
","n/a","CD","CE/CNE/CWE"
"DocumentReference.context.sourcePatientInfo","DocumentReference.context.sourcePatientInfo","","","",0,1,"","","","Reference {[]} {[CanonicalType[https://twcore.mohw.gov.tw/ig/twcore/StructureDefinition/Patient-twcore]]}
","來源的病人人口統計資料","文件發佈時已知的病人資訊。可以是對特定版本的參照，也可以是包含在文件中的資訊。","","","","","","","","","",,,,,"",,,,"DocumentReference.context.sourcePatientInfo",0,1,"","ele-1:All FHIR elements must have a @value or children {hasValue() or (children().count() > id.count())}
","Composition.subject",".participation[typeCode=""SBJ""].role[typeCode=""PAT""]","ClinicalDocument/recordTarget/","DocumentEntry.sourcePatientInfo, DocumentEntry.sourcePatientId"
"DocumentReference.context.related","DocumentReference.context.related","","","",0,*,"","","","Reference {[]} {[CanonicalType[http://hl7.org/fhir/StructureDefinition/Resource]]}
","相關的識別碼或resources","與DocumentReference相關聯的相關識別碼或resources","可能是導致創建 DocumentReference 或參照文件的識別碼或resources","","","","","","","","",,,,,"",,,,"DocumentReference.context.related",0,*,"","ele-1:All FHIR elements must have a @value or children {hasValue() or (children().count() > id.count())}
","Composition.event.detail","./outboundRelationship[typeCode=""PERT"" and isNormalActRelationship()] / target[isNormalAct]","ClinicalDocument/relatedDocument","DocumentEntry.referenceIdList"
