"Id","Path","Slice Name","Alias(s)","Label","Min","Max","Must Support?","Is Modifier?","Is Summary?","Type(s)","Short","Definition","Comments","Requirements","Default Value","Meaning When Missing","Fixed Value","Pattern","Example","Minimum Value","Maximum Value","Maximum Length","Binding Strength","Binding Description","Binding Value Set","Code","Slicing Discriminator","Slicing Description","Slicing Ordered","Slicing Rules","Base Path","Base Min","Base Max","Condition(s)","Constraint(s)","Mapping: HL7 v2 Mapping","Mapping: RIM Mapping","Mapping: CDA (R2)","Mapping: FiveWs Pattern Mapping"
"Bundle","Bundle","","","",0,*,"","","","null {[]} {[]}
","包含resourceBundle","用於存於一組Resources的結構或物件","","","","","","","","","",,,,,"",,,,"Bundle",0,*,"","bdl-1:total only when a search or history {total.empty() or (type = 'searchset') or (type = 'history')}
bdl-2:entry.search only when a search {entry.search.empty() or (type = 'searchset')}bdl-3:entry.request mandatory for batch/transaction/history, otherwise prohibited {entry.all(request.exists() = (%resource.type = 'batch' or %resource.type = 'transaction' or %resource.type = 'history'))}bdl-4:entry.response mandatory for batch-response/transaction-response/history, otherwise prohibited {entry.all(response.exists() = (%resource.type = 'batch-response' or %resource.type = 'transaction-response' or %resource.type = 'history'))}bdl-7:FullUrl must be unique in a bundle, or else entries with the same fullUrl must have different meta.versionId (except in history bundles) {(type = 'history') or entry.where(fullUrl.exists()).select(fullUrl&resource.meta.versionId).isDistinct()}bdl-9:A document must have an identifier with a system and a value {type = 'document' implies (identifier.system.exists() and identifier.value.exists())}bdl-10:A document must have a date {type = 'document' implies (timestamp.hasValue())}bdl-11:A document must have a Composition as the first resource {type = 'document' implies entry.first().resource.is(Composition)}bdl-12:A message must have a MessageHeader as the first resource {type = 'message' implies entry.first().resource.is(MessageHeader)}","N/A","Entity. Role, or Act","N/A","ClinicalDocument, if bundle.type = document"
"Bundle.id","Bundle.id","","","",0,1,"","","Y","id {[]} {[]}
","不重複的ID用以識別儲存在特定FHIR Server中的Bundle紀錄，通常又稱為邏輯性ID。","resource的邏輯ID，在resource的URL中使用。一旦指定，這個值永遠不會改變。","一個resource使用新增操作（create operation）提交給伺服器時，此resource沒有id，它的id在resource被創建後由伺器分配/指定。","","","","","","","","",,,,,"",,,,"Resource.id",0,1,"",""
"Bundle.meta","Bundle.meta","","","",0,1,"","","Y","Meta {[]} {[]}
","此Bundle Resource的metadata","關於resource的metadata。這是由基礎建設維護的內容。內容的更改可能並不總是與resource的版本更改相關聯。","","","","","","","","","",,,,,"",,,,"Resource.meta",0,1,"","ele-1:All FHIR elements must have a @value or children {hasValue() or (children().count() > id.count())}
"
"Bundle.implicitRules","Bundle.implicitRules","","","",0,1,"","Y","Y","uri {[]} {[]}
","創建此內容所依據的一組規則","構建resource時遵循的一系列規則的參照，在處理內容時必須理解這些規則。通常這是對IG所定義之特殊規則及其他profiles的參照。","宣告這套規則限制了內容只能被有限的交易夥伴所理解。這從本質上限制了資料的長期有用性。然而，現有的健康生態體系高度分裂，還沒有準備好以普遍可計算的方式定義、收集和交換資料。只要有可能，實作者和/或規範編寫者應該避免使用這個資料項目。通常在使用時，此URL是對IG的參照，此IG將這些特殊規則與其他profiles、value sets等一起定義為其敘述的一部分。","","","","","","","","",,,,,"",,,,"Resource.implicitRules",0,1,"","ele-1:All FHIR elements must have a @value or children {hasValue() or (children().count() > id.count())}
"
"Bundle.language","Bundle.language","","","",0,1,"","","","code {[]} {[]}
","用以表述Bundle Resource內容的語言。","編寫此resource的語言","提供語言是為了支援索引和可存取性（通常，文字表述轉語音等服務使用此語言標籤）。html lanuage tag適用於此敘述。resource上的語言標籤可用於指定從resource中的資料所產成的其他表述之語言。不是所有的內容都必須使用此語言。不應該假定Resource.language自動適用於敘述。如果指定語言，它也應該被指定在html中的div資料項目（關於xml:lang和html lang屬性之間的關係，見HTML5中的規則）。","","","","","","<valueString xmlns=""http://hl7.org/fhir"" value=""zh-TW""/>","","",,"preferred","人類語言；鼓勵使用CommonLanguages代碼表中的代碼，但不強制一定要使用此代碼表，你也可使用其他代碼表的代碼或單純以文字表示。","http://hl7.org/fhir/ValueSet/languages","",,,,"Resource.language",0,1,"","ele-1:All FHIR elements must have a @value or children {hasValue() or (children().count() > id.count())}
"
"Bundle.identifier","Bundle.identifier","","","",0,1,"Y","","Y","Identifier {[]} {[]}
","一組Resources的資料交換基本單位（Bundle）的識別碼。","Bundle的永久識別碼，識別碼不會因為Bundle從一個伺服器複製到另一個伺服器而改變。。","永久的識別通常只對Document、Message和Collection的批次處理是重要。它通常不會被填入到searh和history的結果中，伺服器在處理batches和transactions時會忽略Bundle.identifier。但對於Documents的identifier **必須（SHALL）** 被填入，其為全球唯一的識別碼。","","","","","","","","",,,,,"",,,,"Bundle.identifier",0,1,"","ele-1:All FHIR elements must have a @value or children {hasValue() or (children().count() > id.count())}
","ClinicalDocument.id","FiveWs.identifier"
"Bundle.type","Bundle.type","","","",1,1,"","","Y","code {[]} {[]}
","document | message | transaction | transaction-response | batch | batch-response | history | searchset | collection","表明這個Bundle的目的-期望如何使用。","Bundle也可以用於其他目的（例如，document可以作為transaction被接受）。這主要是為了給某些Bundle類型制定特定的規則。","","","","","<valueCode xmlns=""http://hl7.org/fhir"" value=""searchset""/>","","","",,"required","Bundle類型；應填入所綁定值集中的其中一個代碼。","http://hl7.org/fhir/ValueSet/bundle-type|4.0.1","",,,,"Bundle.type",1,1,"","ele-1:All FHIR elements must have a @value or children {hasValue() or (children().count() > id.count())}
","FiveWs.class"
"Bundle.timestamp","Bundle.timestamp","","","",0,1,"Y","","Y","instant {[]} {[]}
","組成Bundle的時間。","Bundle組裝的日期/時間 - 也就是resources被放入Bundle的時間。","對很多Bundle而言，時間戳記同等於.meta.lastUpdated，因為它們不會被儲存（例如：查詢結果）。當一個Bundl被放置在一個持久化存儲中（a persistent store）時，.meta.lastUpdated通常會被伺服器改變。當Bundle是一個Message時，中介軟體（即使沒有存儲）**建議應該（SHOULD）**更新.meta.lastUpdated。.timestamp用於追踪Bundle的原始時間，並且**建議應該（SHOULD）**被填入。

使用方法：
* document : 文件的創建日期。注意：composition的創建可能早於Bundle的創鍵，或者composition會與多個文件相關聯。composition的編輯日期可能早於Bundle的組成時間。
* mssage：訊息內容被組成的日期。這個日期不會被中介軟體引擎改變，除非他們增加了額外的資料，改變了訊息的時間含義。
* history : 歷史紀錄被組成的日期。這個時間將被用於查詢_since（自此）時間後的後續更新紀錄。
* searchset : 查詢結果集：是指查詢結果組合起來的時間。要注意的是，不同的頁面**可能（MAY）**會有不同的時間標記，但不是必須的。即使時間標記不同，也不代表隨後的頁面會顯示或包含從最初查詢後所做的變更。

transaction | transaction-response | batch | batch-response | collection : 沒有特別指定的含義。
時間戳記的值應該比Bundle中的resources的 lastUpdated 和其他時間戳記還要新，而且應該等於或早於Bundle本身的 .meta.lastUpdated 相同或更早。","","","","","","","","",,,,,"",,,,"Bundle.timestamp",0,1,"","ele-1:All FHIR elements must have a @value or children {hasValue() or (children().count() > id.count())}
","ClinicalDocument.effectiveTime","FiveWs.init"
"Bundle.total","Bundle.total","","","",0,1,"Y","","Y","unsignedInt {[]} {[]}
","查詢時符合條件的總筆數","如果有一組查詢結果相符，這個數字代表所有頁面中 type「match」條目的總數。這個總數不包括search.mode=「include」 或 「outcome」的查詢結果，也不表示Bundle內全部條目的數量。","只在Bundle是查詢結果集時使用。這個總數不包括像是OperationOutcome和Bundle中包含的resources等，只計算匹配的resources的總數。","","","","","","","","",,,,,"",,,,"Bundle.total",0,1,"bdl-1
","ele-1:All FHIR elements must have a @value or children {hasValue() or (children().count() > id.count())}
"
"Bundle.link","Bundle.link","","","",0,*,"","","Y","BackboneElement {[]} {[]}
","與此Bundle相關的連結","一系列連結，為這個Bundle提供上下文。","Bundle.link和Bundle.entry.link的設計是為了在使用Bundle時（例如實現HATEOAS時）提供更多的上下文資訊。

如果entry中的resource是直接被讀取的，那麼Bundle.entry.link就對應於HTTP header中的連結。

雖然這個規範對於查詢和分頁有一些Bundle.link的特定使用方式，但對於Bundle.entry.link沒有特定的使用方式，也沒有在transaction過程中定義其功能 - 它的具體意義取決於實際的應用方式。","","","","","","","","",,,,,"",,,,"Bundle.link",0,*,"","ele-1:All FHIR elements must have a @value or children {hasValue() or (children().count() > id.count())}
"
"Bundle.link.id","Bundle.link.id","","","",0,1,"","","","string {[]} {[]}
","Unique id for inter-element referencing","Unique id for the element within a resource (for internal references). This may be any string value that does not contain spaces.","","","","","","","","","",,,,,"",,,,"Element.id",0,1,"","","n/a"
"Bundle.link.extension","Bundle.link.extension","","extensions
user content","",0,*,"","","","Extension {[]} {[]}
","Additional content defined by implementations","May be used to represent additional information that is not part of the basic definition of the element. To make the use of extensions safe and manageable, there is a strict set of governance  applied to the definition and use of extensions. Though any implementer can define an extension, there is a set of requirements that SHALL be met as part of the definition of the extension.","There can be no stigma associated with the use of extensions by any application, project, or standard - regardless of the institution or jurisdiction that uses or defines the extensions.  The use of extensions is what allows the FHIR specification to retain a core level of simplicity for everyone.","","","","","","","","",,,,,"",,,,"Element.extension",0,*,"","ele-1:All FHIR elements must have a @value or children {hasValue() or (children().count() > id.count())}
ext-1:Must have either extensions or value[x], not both {extension.exists() != value.exists()}","n/a"
"Bundle.link.modifierExtension","Bundle.link.modifierExtension","","extensions
user contentmodifiers","",0,*,"","Y","Y","Extension {[]} {[]}
","Extensions that cannot be ignored even if unrecognized","May be used to represent additional information that is not part of the basic definition of the element and that modifies the understanding of the element in which it is contained and/or the understanding of the containing element's descendants. Usually modifier elements provide negation or qualification. To make the use of extensions safe and manageable, there is a strict set of governance applied to the definition and use of extensions. Though any implementer can define an extension, there is a set of requirements that SHALL be met as part of the definition of the extension. Applications processing a resource are required to check for modifier extensions.

Modifier extensions SHALL NOT change the meaning of any elements on Resource or DomainResource (including cannot change the meaning of modifierExtension itself).","There can be no stigma associated with the use of extensions by any application, project, or standard - regardless of the institution or jurisdiction that uses or defines the extensions.  The use of extensions is what allows the FHIR specification to retain a core level of simplicity for everyone.","Modifier extensions allow for extensions that *cannot* be safely ignored to be clearly distinguished from the vast majority of extensions which can be safely ignored.  This promotes interoperability by eliminating the need for implementers to prohibit the presence of extensions. For further information, see the [definition of modifier extensions](http://hl7.org/fhir/R4/extensibility.html#modifierExtension).","","","","","","","",,,,,"",,,,"BackboneElement.modifierExtension",0,*,"","ele-1:All FHIR elements must have a @value or children {hasValue() or (children().count() > id.count())}
ext-1:Must have either extensions or value[x], not both {extension.exists() != value.exists()}","N/A"
"Bundle.link.relation","Bundle.link.relation","","","",1,1,"Y","","Y","string {[]} {[]}
","參見 [http://www.iana.org/assignments/link-relations/link-relations.xhtml#link-relations-1](http://www.iana.org/assignments/link-relations/link-relations.xhtml#link-relations-1)","詳細說明該連結功能用途的名稱 - 參見[http://www.iana.org/assignments/link-relations/link-relations.xhtml#link-relations-1](http://www.iana.org/assignments/link-relations/link-relations.xhtml#link-relations-1)","","","","","","<valueString xmlns=""http://hl7.org/fhir"" value=""self""/>","","","",,,,,"",,,,"Bundle.link.relation",1,1,"","ele-1:All FHIR elements must have a @value or children {hasValue() or (children().count() > id.count())}
"
"Bundle.link.url","Bundle.link.url","","","",1,1,"Y","","Y","uri {[]} {[]}
","連結的參照細節","連結的參照細節","","","","","","","","","",,,,,"",,,,"Bundle.link.url",1,1,"","ele-1:All FHIR elements must have a @value or children {hasValue() or (children().count() > id.count())}
"
"Bundle.entry","Bundle.entry","","","",1,*,"Y","","Y","BackboneElement {[]} {[]}
","在bundle中的條目 - 將會有一個resource或資訊，這個重複的資料項目順序：對於type為「document」和「message」的bundles，第一個resource是特殊的（必須分別是Composition或MessageHeader）。對於所有bundles，條目順序的意義取決於bundle的type。","Bundle resource中的條目 - 將包含一個resource或是關於resource的資訊（僅限transactions和history）。","","","","","","","","","",,,,,"","profile:resource}
","",,"closed","Bundle.entry",0,*,"","bdl-5:must be a resource unless there's a request or response {resource.exists() or request.exists() or response.exists()}
bdl-8:fullUrl cannot be a version specific reference {fullUrl.contains('/_history/').not()}ele-1:All FHIR elements must have a @value or children {hasValue() or (children().count() > id.count())}"
"Bundle.entry.id","Bundle.entry.id","","","",0,1,"","","","string {[]} {[]}
","Unique id for inter-element referencing","Unique id for the element within a resource (for internal references). This may be any string value that does not contain spaces.","","","","","","","","","",,,,,"",,,,"Element.id",0,1,"","","n/a"
"Bundle.entry.extension","Bundle.entry.extension","","extensions
user content","",0,*,"","","","Extension {[]} {[]}
","Additional content defined by implementations","May be used to represent additional information that is not part of the basic definition of the element. To make the use of extensions safe and manageable, there is a strict set of governance  applied to the definition and use of extensions. Though any implementer can define an extension, there is a set of requirements that SHALL be met as part of the definition of the extension.","There can be no stigma associated with the use of extensions by any application, project, or standard - regardless of the institution or jurisdiction that uses or defines the extensions.  The use of extensions is what allows the FHIR specification to retain a core level of simplicity for everyone.","","","","","","","","",,,,,"",,,,"Element.extension",0,*,"","ele-1:All FHIR elements must have a @value or children {hasValue() or (children().count() > id.count())}
ext-1:Must have either extensions or value[x], not both {extension.exists() != value.exists()}","n/a"
"Bundle.entry.modifierExtension","Bundle.entry.modifierExtension","","extensions
user contentmodifiers","",0,*,"","Y","Y","Extension {[]} {[]}
","Extensions that cannot be ignored even if unrecognized","May be used to represent additional information that is not part of the basic definition of the element and that modifies the understanding of the element in which it is contained and/or the understanding of the containing element's descendants. Usually modifier elements provide negation or qualification. To make the use of extensions safe and manageable, there is a strict set of governance applied to the definition and use of extensions. Though any implementer can define an extension, there is a set of requirements that SHALL be met as part of the definition of the extension. Applications processing a resource are required to check for modifier extensions.

Modifier extensions SHALL NOT change the meaning of any elements on Resource or DomainResource (including cannot change the meaning of modifierExtension itself).","There can be no stigma associated with the use of extensions by any application, project, or standard - regardless of the institution or jurisdiction that uses or defines the extensions.  The use of extensions is what allows the FHIR specification to retain a core level of simplicity for everyone.","Modifier extensions allow for extensions that *cannot* be safely ignored to be clearly distinguished from the vast majority of extensions which can be safely ignored.  This promotes interoperability by eliminating the need for implementers to prohibit the presence of extensions. For further information, see the [definition of modifier extensions](http://hl7.org/fhir/R4/extensibility.html#modifierExtension).","","","","","","","",,,,,"",,,,"BackboneElement.modifierExtension",0,*,"","ele-1:All FHIR elements must have a @value or children {hasValue() or (children().count() > id.count())}
ext-1:Must have either extensions or value[x], not both {extension.exists() != value.exists()}","N/A"
"Bundle.entry.link","Bundle.entry.link","","","",0,*,"","","Y","","與本條目相關的連結","為本條目提供情境背景的一系列連結。","","","","","","","","","",,,,,"",,,,"Bundle.entry.link",0,*,"","ele-1:All FHIR elements must have a @value or children {hasValue() or (children().count() > id.count())}
"
"Bundle.entry.fullUrl","Bundle.entry.fullUrl","","","",0,1,"","","Y","uri {[]} {[]}
","Resource的 URI（絕對 URL 伺服器地址或 UUID/OID 的 URI）","resource的絕對URL。fullUrl **必須沒有(SHALL NOT)**與resource中的 id 不一致，也就是說如果 fullUrl 不是 urn:uuid，則 URL 應為與 Resource.id 一致的不分版本的URL。fullUrl 是對resource的不分版本參照。fullUrl 資料項目必須有一個值，但以下情況除外：

在 POST 時，fullUrl 可以為空（雖然在 bundle 中包含暫時 id 時，fullUrl 不需要為空）
操作結果可能涉及未被識別的resources。","fullUrl 在resource上下文中可能不是唯一的。請注意：由於 FHIR resource不需要透過 FHIR API 提供服務，因此 fullURL 可能是一個 URN 或絕對 URL，而不是以resource的邏輯 id（Resource.id）結尾。但是，如果 fullUrl 看起來確實像 RESTful 伺服器 URL（例如：符合正則表達式regex，則 fullUrl 的 「id」部分 **必須（SHALL）** 以 Resource.id 結尾。

請注意：fullUrl 與 canonical URL（正準URL） 並不相同，fullUrl是為resource提供服務的端點的絕對 URL（這些在為 resource 帶有 canonical URL 的 Canonical 伺服器上將具有相同的值）。","","","","","","","","",,,,,"",,,,"Bundle.entry.fullUrl",0,1,"","ele-1:All FHIR elements must have a @value or children {hasValue() or (children().count() > id.count())}
"
"Bundle.entry.resource","Bundle.entry.resource","","","",0,1,"","","Y","Resource {[]} {[]}
","Bundle中的resource","Bundle中的resource。resource的目的/含義由 Bundle.type 決定。","","","","","","","","","",,,,,"",,,,"Bundle.entry.resource",0,1,"",""
"Bundle.entry.search","Bundle.entry.search","","","",0,1,"","","Y","BackboneElement {[]} {[]}
","查詢有關的資訊","有關如何進行查詢才能創建此條目的解釋資訊。","","","","","","","","","",,,,,"",,,,"Bundle.entry.search",0,1,"bdl-2
","ele-1:All FHIR elements must have a @value or children {hasValue() or (children().count() > id.count())}
"
"Bundle.entry.search.id","Bundle.entry.search.id","","","",0,1,"","","","string {[]} {[]}
","Unique id for inter-element referencing","Unique id for the element within a resource (for internal references). This may be any string value that does not contain spaces.","","","","","","","","","",,,,,"",,,,"Element.id",0,1,"","","n/a"
"Bundle.entry.search.extension","Bundle.entry.search.extension","","extensions
user content","",0,*,"","","","Extension {[]} {[]}
","Additional content defined by implementations","May be used to represent additional information that is not part of the basic definition of the element. To make the use of extensions safe and manageable, there is a strict set of governance  applied to the definition and use of extensions. Though any implementer can define an extension, there is a set of requirements that SHALL be met as part of the definition of the extension.","There can be no stigma associated with the use of extensions by any application, project, or standard - regardless of the institution or jurisdiction that uses or defines the extensions.  The use of extensions is what allows the FHIR specification to retain a core level of simplicity for everyone.","","","","","","","","",,,,,"",,,,"Element.extension",0,*,"","ele-1:All FHIR elements must have a @value or children {hasValue() or (children().count() > id.count())}
ext-1:Must have either extensions or value[x], not both {extension.exists() != value.exists()}","n/a"
"Bundle.entry.search.modifierExtension","Bundle.entry.search.modifierExtension","","extensions
user contentmodifiers","",0,*,"","Y","Y","Extension {[]} {[]}
","Extensions that cannot be ignored even if unrecognized","May be used to represent additional information that is not part of the basic definition of the element and that modifies the understanding of the element in which it is contained and/or the understanding of the containing element's descendants. Usually modifier elements provide negation or qualification. To make the use of extensions safe and manageable, there is a strict set of governance applied to the definition and use of extensions. Though any implementer can define an extension, there is a set of requirements that SHALL be met as part of the definition of the extension. Applications processing a resource are required to check for modifier extensions.

Modifier extensions SHALL NOT change the meaning of any elements on Resource or DomainResource (including cannot change the meaning of modifierExtension itself).","There can be no stigma associated with the use of extensions by any application, project, or standard - regardless of the institution or jurisdiction that uses or defines the extensions.  The use of extensions is what allows the FHIR specification to retain a core level of simplicity for everyone.","Modifier extensions allow for extensions that *cannot* be safely ignored to be clearly distinguished from the vast majority of extensions which can be safely ignored.  This promotes interoperability by eliminating the need for implementers to prohibit the presence of extensions. For further information, see the [definition of modifier extensions](http://hl7.org/fhir/R4/extensibility.html#modifierExtension).","","","","","","","",,,,,"",,,,"BackboneElement.modifierExtension",0,*,"","ele-1:All FHIR elements must have a @value or children {hasValue() or (children().count() > id.count())}
ext-1:Must have either extensions or value[x], not both {extension.exists() != value.exists()}","N/A"
"Bundle.entry.search.mode","Bundle.entry.search.mode","","","",0,1,"","","Y","code {[]} {[]}
","match | include | outcome","此條目出現在結果集中的原因--是因為符合match要求還是因為 _include 要求，或者是為了傳達有關查詢過程的資訊或警告資訊。","只有一種模式。在某些情況下，一個resource可能會被包含，因為它既是match也是include的resource。在這種情況下，「match」優先。","","","","","","","","",,"required","Resource出現在Bundle中的原因；應填入所綁定值集中的其中一個代碼。","http://hl7.org/fhir/ValueSet/search-entry-mode|4.0.1","",,,,"Bundle.entry.search.mode",0,1,"","ele-1:All FHIR elements must have a @value or children {hasValue() or (children().count() > id.count())}
"
"Bundle.entry.search.score","Bundle.entry.search.score","","","",0,1,"","","Y","decimal {[]} {[]}
","查詢排名（0至1之間）","查詢時，該條目在伺服器上的查詢排名得分。","伺服器無需返回排名得分，1 表示最相關，0 表示最不相關。通常情況下，查詢結果按得分排序，但用戶可指定不同的排序順序。

請參閱「病人匹配（Patient Match）」以了解與此資料項目相關的 EMPI 查詢。請參閱[Patient Match]（http://hl7.org/fhir/R4/patient-operation-match.html），了解與此要素相關的 EMPI 查詢。","","","","","","","","",,,,,"",,,,"Bundle.entry.search.score",0,1,"","ele-1:All FHIR elements must have a @value or children {hasValue() or (children().count() > id.count())}
"
"Bundle.entry.request","Bundle.entry.request","","","",0,1,"","","Y","BackboneElement {[]} {[]}
","其他執行資訊（transaction/batch/history）","關於如何將條目作為transaction或batch的一部分進行處理的附加資訊。對於history，它顯示如何處理條目以創建條目中包含的版本。","","","","","","","","","",,,,,"",,,,"Bundle.entry.request",0,1,"bdl-3
","ele-1:All FHIR elements must have a @value or children {hasValue() or (children().count() > id.count())}
"
"Bundle.entry.request.id","Bundle.entry.request.id","","","",0,1,"","","","string {[]} {[]}
","Unique id for inter-element referencing","Unique id for the element within a resource (for internal references). This may be any string value that does not contain spaces.","","","","","","","","","",,,,,"",,,,"Element.id",0,1,"","","n/a"
"Bundle.entry.request.extension","Bundle.entry.request.extension","","extensions
user content","",0,*,"","","","Extension {[]} {[]}
","Additional content defined by implementations","May be used to represent additional information that is not part of the basic definition of the element. To make the use of extensions safe and manageable, there is a strict set of governance  applied to the definition and use of extensions. Though any implementer can define an extension, there is a set of requirements that SHALL be met as part of the definition of the extension.","There can be no stigma associated with the use of extensions by any application, project, or standard - regardless of the institution or jurisdiction that uses or defines the extensions.  The use of extensions is what allows the FHIR specification to retain a core level of simplicity for everyone.","","","","","","","","",,,,,"",,,,"Element.extension",0,*,"","ele-1:All FHIR elements must have a @value or children {hasValue() or (children().count() > id.count())}
ext-1:Must have either extensions or value[x], not both {extension.exists() != value.exists()}","n/a"
"Bundle.entry.request.modifierExtension","Bundle.entry.request.modifierExtension","","extensions
user contentmodifiers","",0,*,"","Y","Y","Extension {[]} {[]}
","Extensions that cannot be ignored even if unrecognized","May be used to represent additional information that is not part of the basic definition of the element and that modifies the understanding of the element in which it is contained and/or the understanding of the containing element's descendants. Usually modifier elements provide negation or qualification. To make the use of extensions safe and manageable, there is a strict set of governance applied to the definition and use of extensions. Though any implementer can define an extension, there is a set of requirements that SHALL be met as part of the definition of the extension. Applications processing a resource are required to check for modifier extensions.

Modifier extensions SHALL NOT change the meaning of any elements on Resource or DomainResource (including cannot change the meaning of modifierExtension itself).","There can be no stigma associated with the use of extensions by any application, project, or standard - regardless of the institution or jurisdiction that uses or defines the extensions.  The use of extensions is what allows the FHIR specification to retain a core level of simplicity for everyone.","Modifier extensions allow for extensions that *cannot* be safely ignored to be clearly distinguished from the vast majority of extensions which can be safely ignored.  This promotes interoperability by eliminating the need for implementers to prohibit the presence of extensions. For further information, see the [definition of modifier extensions](http://hl7.org/fhir/R4/extensibility.html#modifierExtension).","","","","","","","",,,,,"",,,,"BackboneElement.modifierExtension",0,*,"","ele-1:All FHIR elements must have a @value or children {hasValue() or (children().count() > id.count())}
ext-1:Must have either extensions or value[x], not both {extension.exists() != value.exists()}","N/A"
"Bundle.entry.request.method","Bundle.entry.request.method","","","",1,1,"","","Y","code {[]} {[]}
","GET | HEAD | POST | PUT | DELETE | PATCH","在 transaction 或 batch 中，這是此條目要執行的 HTTP 操作。在history Bundle中，這表示發生的 HTTP 操作。","","","","","","","","","",,"required","應填入所綁定值集中的其中一個代碼。","http://hl7.org/fhir/ValueSet/http-verb|4.0.1","",,,,"Bundle.entry.request.method",1,1,"","ele-1:All FHIR elements must have a @value or children {hasValue() or (children().count() > id.count())}
"
"Bundle.entry.request.url","Bundle.entry.request.url","","","",1,1,"","","Y","uri {[]} {[]}
","此Bundle HTTP 對應的 URL","此條目相對於根地址（請求發布的地址）的 URL。","例如：對於 病人創建（Patient Create），方法是 「POST」，URL 是 「Patient」。對於病人更新（Patient Update），方法是 「PUT」，URL 是 「Patient/[id]」。","","","","","","","","",,,,,"",,,,"Bundle.entry.request.url",1,1,"","ele-1:All FHIR elements must have a @value or children {hasValue() or (children().count() > id.count())}
"
"Bundle.entry.request.ifNoneMatch","Bundle.entry.request.ifNoneMatch","","","",0,1,"","","Y","string {[]} {[]}
","用於管理緩存當前狀態","如果 ETag 值匹配，則返回 304 未修改狀態（Not Modified）。請參閱「[有條件讀取（Conditional Read）]（http://hl7.org/fhir/R4/http.html#cread）」的 API 文件。","","","","","","","","","",,,,,"",,,,"Bundle.entry.request.ifNoneMatch",0,1,"","ele-1:All FHIR elements must have a @value or children {hasValue() or (children().count() > id.count())}
"
"Bundle.entry.request.ifModifiedSince","Bundle.entry.request.ifModifiedSince","","","",0,1,"","","Y","instant {[]} {[]}
","用於管理緩存當前狀態","僅在最後更新日期匹配時執行操作。請參閱 「[有條件讀取（Conditional Read）]（http://hl7.org/fhir/R4/http.html#cread）」的 API 文件。","","","","","","","","","",,,,,"",,,,"Bundle.entry.request.ifModifiedSince",0,1,"","ele-1:All FHIR elements must have a @value or children {hasValue() or (children().count() > id.count())}
"
"Bundle.entry.request.ifMatch","Bundle.entry.request.ifMatch","","","",0,1,"","","Y","string {[]} {[]}
","用於管理更新衝突","只有在 Etag 值匹配時才執行操作。有關詳細資訊，請參閱 API 部分 「[管理resource衝突]（http://hl7.org/fhir/R4/http.html#concurrency）」。","","","","","","","","","",,,,,"",,,,"Bundle.entry.request.ifMatch",0,1,"","ele-1:All FHIR elements must have a @value or children {hasValue() or (children().count() > id.count())}
"
"Bundle.entry.request.ifNoneExist","Bundle.entry.request.ifNoneExist","","","",0,1,"","","Y","string {[]} {[]}
","用於有條件建立","如果指定的resource已經存在，則指示伺服器不執行創建。有關詳細資訊，請參閱 「[有條件創建 （Conditional Creage）]（http://hl7.org/fhir/R4/http.html#ccreate）」的 API 文件。這只是 URL 的查詢部分，即「? 」後面的內容（不包括「?」）。","","","","","","","","","",,,,,"",,,,"Bundle.entry.request.ifNoneExist",0,1,"","ele-1:All FHIR elements must have a @value or children {hasValue() or (children().count() > id.count())}
"
"Bundle.entry.response","Bundle.entry.response","","","",0,1,"","","Y","BackboneElement {[]} {[]}
","執行結果（transaction/batch/history）","表表示 batch 或 transaction 中相應「請求」條目的處理結果，或返回history時的操作結果。","","","","","","","","","",,,,,"",,,,"Bundle.entry.response",0,1,"bdl-4
","ele-1:All FHIR elements must have a @value or children {hasValue() or (children().count() > id.count())}
"
"Bundle.entry.response.id","Bundle.entry.response.id","","","",0,1,"","","","string {[]} {[]}
","Unique id for inter-element referencing","Unique id for the element within a resource (for internal references). This may be any string value that does not contain spaces.","","","","","","","","","",,,,,"",,,,"Element.id",0,1,"","","n/a"
"Bundle.entry.response.extension","Bundle.entry.response.extension","","extensions
user content","",0,*,"","","","Extension {[]} {[]}
","Additional content defined by implementations","May be used to represent additional information that is not part of the basic definition of the element. To make the use of extensions safe and manageable, there is a strict set of governance  applied to the definition and use of extensions. Though any implementer can define an extension, there is a set of requirements that SHALL be met as part of the definition of the extension.","There can be no stigma associated with the use of extensions by any application, project, or standard - regardless of the institution or jurisdiction that uses or defines the extensions.  The use of extensions is what allows the FHIR specification to retain a core level of simplicity for everyone.","","","","","","","","",,,,,"",,,,"Element.extension",0,*,"","ele-1:All FHIR elements must have a @value or children {hasValue() or (children().count() > id.count())}
ext-1:Must have either extensions or value[x], not both {extension.exists() != value.exists()}","n/a"
"Bundle.entry.response.modifierExtension","Bundle.entry.response.modifierExtension","","extensions
user contentmodifiers","",0,*,"","Y","Y","Extension {[]} {[]}
","Extensions that cannot be ignored even if unrecognized","May be used to represent additional information that is not part of the basic definition of the element and that modifies the understanding of the element in which it is contained and/or the understanding of the containing element's descendants. Usually modifier elements provide negation or qualification. To make the use of extensions safe and manageable, there is a strict set of governance applied to the definition and use of extensions. Though any implementer can define an extension, there is a set of requirements that SHALL be met as part of the definition of the extension. Applications processing a resource are required to check for modifier extensions.

Modifier extensions SHALL NOT change the meaning of any elements on Resource or DomainResource (including cannot change the meaning of modifierExtension itself).","There can be no stigma associated with the use of extensions by any application, project, or standard - regardless of the institution or jurisdiction that uses or defines the extensions.  The use of extensions is what allows the FHIR specification to retain a core level of simplicity for everyone.","Modifier extensions allow for extensions that *cannot* be safely ignored to be clearly distinguished from the vast majority of extensions which can be safely ignored.  This promotes interoperability by eliminating the need for implementers to prohibit the presence of extensions. For further information, see the [definition of modifier extensions](http://hl7.org/fhir/R4/extensibility.html#modifierExtension).","","","","","","","",,,,,"",,,,"BackboneElement.modifierExtension",0,*,"","ele-1:All FHIR elements must have a @value or children {hasValue() or (children().count() > id.count())}
ext-1:Must have either extensions or value[x], not both {extension.exists() != value.exists()}","N/A"
"Bundle.entry.response.status","Bundle.entry.response.status","","","",1,1,"","","Y","string {[]} {[]}
","狀態回應代碼（文字選填）","處理此條目時返回的狀態編碼。狀態 **必須（SHALL）** 以三位 HTTP 編碼（如 404）開頭，並可包含與狀態編碼相關的標準 HTTP 描述。","","","","","","","","","",,,,,"",,,,"Bundle.entry.response.status",1,1,"","ele-1:All FHIR elements must have a @value or children {hasValue() or (children().count() > id.count())}
"
"Bundle.entry.response.location","Bundle.entry.response.location","","","",0,1,"","","Y","uri {[]} {[]}
","位置（如果操作返回位置）","處理該操作時創建的位置表頭（location header），如果該操作返回位置，則填入該位地置表頭。","","","","","","","","","",,,,,"",,,,"Bundle.entry.response.location",0,1,"","ele-1:All FHIR elements must have a @value or children {hasValue() or (children().count() > id.count())}
"
"Bundle.entry.response.etag","Bundle.entry.response.etag","","","",0,1,"","","Y","string {[]} {[]}
","resource的 Etag（如果有相關）","resource的 Etag，如果條目的操作產生了版本化resource（請參閱 「[Resource Metadata及版本化和管理resource衝突」]（http://hl7.org/fhir/R4/http.html#versioning））。","Etag 與 Resource.meta.versionId 匹配。如果包含resource，ETag 必須與表頭中的版本 ID 相匹配。","","","","","","","","",,,,,"",,,,"Bundle.entry.response.etag",0,1,"","ele-1:All FHIR elements must have a @value or children {hasValue() or (children().count() > id.count())}
"
"Bundle.entry.response.lastModified","Bundle.entry.response.lastModified","","","",0,1,"","","Y","instant {[]} {[]}
","修改時之伺服器日期時間","此resource在伺服器上被修改的日期/時間。","如果包含resource，則必須與meta.lastUpdated中的時間一致。","","","","","","","","",,,,,"",,,,"Bundle.entry.response.lastModified",0,1,"","ele-1:All FHIR elements must have a @value or children {hasValue() or (children().count() > id.count())}
"
"Bundle.entry.response.outcome","Bundle.entry.response.outcome","","","",0,1,"","","Y","Resource {[]} {[]}
","帶提示和警告的OperationOutcome（用於batch/transaction）","操作結果（OperationOutcome），包含在batch或transaction中處理此條目時產生的提示和警告。","對於 POST/PUT 操作，這是 prefer = operationoutcome 將返回的等價結果，但無論是否返回結果，resource都會被返回。此結果不用於批次處理/異動處理中的錯誤響應，僅用於提示和警告。在批次處理操作中，錯誤將出現在 Bundle.entry.response 中，而在異動處理中，如果出現錯誤，將只有一個 OperationOutcome 而不是一個 bundle。","","","","","","","","",,,,,"",,,,"Bundle.entry.response.outcome",0,1,"",""
"Bundle.entry:claimResponse","Bundle.entry","claimResponse","","",1,1,"Y","","Y","BackboneElement {[]} {[]}
","事前審查回覆","Bundle resource中的條目 - 將包含一個resource或是關於resource的資訊（僅限transactions和history）。","","","","","","","","","",,,,,"",,,,"Bundle.entry",0,*,"","bdl-5:must be a resource unless there's a request or response {resource.exists() or request.exists() or response.exists()}
bdl-8:fullUrl cannot be a version specific reference {fullUrl.contains('/_history/').not()}ele-1:All FHIR elements must have a @value or children {hasValue() or (children().count() > id.count())}"
"Bundle.entry:claimResponse.id","Bundle.entry.id","","","",0,1,"","","","string {[]} {[]}
","Unique id for inter-element referencing","Unique id for the element within a resource (for internal references). This may be any string value that does not contain spaces.","","","","","","","","","",,,,,"",,,,"Element.id",0,1,"","","n/a"
"Bundle.entry:claimResponse.extension","Bundle.entry.extension","","extensions
user content","",0,*,"","","","Extension {[]} {[]}
","Additional content defined by implementations","May be used to represent additional information that is not part of the basic definition of the element. To make the use of extensions safe and manageable, there is a strict set of governance  applied to the definition and use of extensions. Though any implementer can define an extension, there is a set of requirements that SHALL be met as part of the definition of the extension.","There can be no stigma associated with the use of extensions by any application, project, or standard - regardless of the institution or jurisdiction that uses or defines the extensions.  The use of extensions is what allows the FHIR specification to retain a core level of simplicity for everyone.","","","","","","","","",,,,,"",,,,"Element.extension",0,*,"","ele-1:All FHIR elements must have a @value or children {hasValue() or (children().count() > id.count())}
ext-1:Must have either extensions or value[x], not both {extension.exists() != value.exists()}","n/a"
"Bundle.entry:claimResponse.modifierExtension","Bundle.entry.modifierExtension","","extensions
user contentmodifiers","",0,*,"","Y","Y","Extension {[]} {[]}
","Extensions that cannot be ignored even if unrecognized","May be used to represent additional information that is not part of the basic definition of the element and that modifies the understanding of the element in which it is contained and/or the understanding of the containing element's descendants. Usually modifier elements provide negation or qualification. To make the use of extensions safe and manageable, there is a strict set of governance applied to the definition and use of extensions. Though any implementer can define an extension, there is a set of requirements that SHALL be met as part of the definition of the extension. Applications processing a resource are required to check for modifier extensions.

Modifier extensions SHALL NOT change the meaning of any elements on Resource or DomainResource (including cannot change the meaning of modifierExtension itself).","There can be no stigma associated with the use of extensions by any application, project, or standard - regardless of the institution or jurisdiction that uses or defines the extensions.  The use of extensions is what allows the FHIR specification to retain a core level of simplicity for everyone.","Modifier extensions allow for extensions that *cannot* be safely ignored to be clearly distinguished from the vast majority of extensions which can be safely ignored.  This promotes interoperability by eliminating the need for implementers to prohibit the presence of extensions. For further information, see the [definition of modifier extensions](http://hl7.org/fhir/R4/extensibility.html#modifierExtension).","","","","","","","",,,,,"",,,,"BackboneElement.modifierExtension",0,*,"","ele-1:All FHIR elements must have a @value or children {hasValue() or (children().count() > id.count())}
ext-1:Must have either extensions or value[x], not both {extension.exists() != value.exists()}","N/A"
"Bundle.entry:claimResponse.link","Bundle.entry.link","","","",0,*,"","","Y","null {[]} {[]}
","與本條目相關的連結","為本條目提供情境背景的一系列連結。","","","","","","","","","",,,,,"",,,,"Bundle.entry.link",0,*,"","ele-1:All FHIR elements must have a @value or children {hasValue() or (children().count() > id.count())}
"
"Bundle.entry:claimResponse.fullUrl","Bundle.entry.fullUrl","","","",0,1,"","","Y","uri {[]} {[]}
","Resource的 URI（絕對 URL 伺服器地址或 UUID/OID 的 URI）","resource的絕對URL。fullUrl **必須沒有(SHALL NOT)**與resource中的 id 不一致，也就是說如果 fullUrl 不是 urn:uuid，則 URL 應為與 Resource.id 一致的不分版本的URL。fullUrl 是對resource的不分版本參照。fullUrl 資料項目必須有一個值，但以下情況除外：

在 POST 時，fullUrl 可以為空（雖然在 bundle 中包含暫時 id 時，fullUrl 不需要為空）
操作結果可能涉及未被識別的resources。","fullUrl 在resource上下文中可能不是唯一的。請注意：由於 FHIR resource不需要透過 FHIR API 提供服務，因此 fullURL 可能是一個 URN 或絕對 URL，而不是以resource的邏輯 id（Resource.id）結尾。但是，如果 fullUrl 看起來確實像 RESTful 伺服器 URL（例如：符合正則表達式regex，則 fullUrl 的 「id」部分 **必須（SHALL）** 以 Resource.id 結尾。

請注意：fullUrl 與 canonical URL（正準URL） 並不相同，fullUrl是為resource提供服務的端點的絕對 URL（這些在為 resource 帶有 canonical URL 的 Canonical 伺服器上將具有相同的值）。","","","","","","","","",,,,,"",,,,"Bundle.entry.fullUrl",0,1,"","ele-1:All FHIR elements must have a @value or children {hasValue() or (children().count() > id.count())}
"
"Bundle.entry:claimResponse.resource","Bundle.entry.resource","","Remittance Advice
","",1,1,"Y","","","ClaimResponse {[CanonicalType[https://nhicore.nhi.gov.tw/pas/StructureDefinition/ClaimResponse-twpas]]} {[]}
","Response to a claim predetermination or preauthorization","This resource provides the adjudication details from the processing of a Claim resource.","","","","","","","","","",,,,,"",,,,"Bundle.entry.resource",0,1,"","","Entity. Role, or Act"
"Bundle.entry:claimResponse.search","Bundle.entry.search","","","",0,1,"","","Y","BackboneElement {[]} {[]}
","查詢有關的資訊","有關如何進行查詢才能創建此條目的解釋資訊。","","","","","","","","","",,,,,"",,,,"Bundle.entry.search",0,1,"bdl-2
","ele-1:All FHIR elements must have a @value or children {hasValue() or (children().count() > id.count())}
"
"Bundle.entry:claimResponse.search.id","Bundle.entry.search.id","","","",0,1,"","","","string {[]} {[]}
","Unique id for inter-element referencing","Unique id for the element within a resource (for internal references). This may be any string value that does not contain spaces.","","","","","","","","","",,,,,"",,,,"Element.id",0,1,"","","n/a"
"Bundle.entry:claimResponse.search.extension","Bundle.entry.search.extension","","extensions
user content","",0,*,"","","","Extension {[]} {[]}
","Additional content defined by implementations","May be used to represent additional information that is not part of the basic definition of the element. To make the use of extensions safe and manageable, there is a strict set of governance  applied to the definition and use of extensions. Though any implementer can define an extension, there is a set of requirements that SHALL be met as part of the definition of the extension.","There can be no stigma associated with the use of extensions by any application, project, or standard - regardless of the institution or jurisdiction that uses or defines the extensions.  The use of extensions is what allows the FHIR specification to retain a core level of simplicity for everyone.","","","","","","","","",,,,,"",,,,"Element.extension",0,*,"","ele-1:All FHIR elements must have a @value or children {hasValue() or (children().count() > id.count())}
ext-1:Must have either extensions or value[x], not both {extension.exists() != value.exists()}","n/a"
"Bundle.entry:claimResponse.search.modifierExtension","Bundle.entry.search.modifierExtension","","extensions
user contentmodifiers","",0,*,"","Y","Y","Extension {[]} {[]}
","Extensions that cannot be ignored even if unrecognized","May be used to represent additional information that is not part of the basic definition of the element and that modifies the understanding of the element in which it is contained and/or the understanding of the containing element's descendants. Usually modifier elements provide negation or qualification. To make the use of extensions safe and manageable, there is a strict set of governance applied to the definition and use of extensions. Though any implementer can define an extension, there is a set of requirements that SHALL be met as part of the definition of the extension. Applications processing a resource are required to check for modifier extensions.

Modifier extensions SHALL NOT change the meaning of any elements on Resource or DomainResource (including cannot change the meaning of modifierExtension itself).","There can be no stigma associated with the use of extensions by any application, project, or standard - regardless of the institution or jurisdiction that uses or defines the extensions.  The use of extensions is what allows the FHIR specification to retain a core level of simplicity for everyone.","Modifier extensions allow for extensions that *cannot* be safely ignored to be clearly distinguished from the vast majority of extensions which can be safely ignored.  This promotes interoperability by eliminating the need for implementers to prohibit the presence of extensions. For further information, see the [definition of modifier extensions](http://hl7.org/fhir/R4/extensibility.html#modifierExtension).","","","","","","","",,,,,"",,,,"BackboneElement.modifierExtension",0,*,"","ele-1:All FHIR elements must have a @value or children {hasValue() or (children().count() > id.count())}
ext-1:Must have either extensions or value[x], not both {extension.exists() != value.exists()}","N/A"
"Bundle.entry:claimResponse.search.mode","Bundle.entry.search.mode","","","",0,1,"","","Y","code {[]} {[]}
","match | include | outcome","此條目出現在結果集中的原因--是因為符合match要求還是因為 _include 要求，或者是為了傳達有關查詢過程的資訊或警告資訊。","只有一種模式。在某些情況下，一個resource可能會被包含，因為它既是match也是include的resource。在這種情況下，「match」優先。","","","","","","","","",,"required","Resource出現在Bundle中的原因；應填入所綁定值集中的其中一個代碼。","http://hl7.org/fhir/ValueSet/search-entry-mode|4.0.1","",,,,"Bundle.entry.search.mode",0,1,"","ele-1:All FHIR elements must have a @value or children {hasValue() or (children().count() > id.count())}
"
"Bundle.entry:claimResponse.search.score","Bundle.entry.search.score","","","",0,1,"","","Y","decimal {[]} {[]}
","查詢排名（0至1之間）","查詢時，該條目在伺服器上的查詢排名得分。","伺服器無需返回排名得分，1 表示最相關，0 表示最不相關。通常情況下，查詢結果按得分排序，但用戶可指定不同的排序順序。

請參閱「病人匹配（Patient Match）」以了解與此資料項目相關的 EMPI 查詢。請參閱[Patient Match]（http://hl7.org/fhir/R4/patient-operation-match.html），了解與此要素相關的 EMPI 查詢。","","","","","","","","",,,,,"",,,,"Bundle.entry.search.score",0,1,"","ele-1:All FHIR elements must have a @value or children {hasValue() or (children().count() > id.count())}
"
"Bundle.entry:claimResponse.request","Bundle.entry.request","","","",0,1,"","","Y","BackboneElement {[]} {[]}
","其他執行資訊（transaction/batch/history）","關於如何將條目作為transaction或batch的一部分進行處理的附加資訊。對於history，它顯示如何處理條目以創建條目中包含的版本。","","","","","","","","","",,,,,"",,,,"Bundle.entry.request",0,1,"bdl-3
","ele-1:All FHIR elements must have a @value or children {hasValue() or (children().count() > id.count())}
"
"Bundle.entry:claimResponse.request.id","Bundle.entry.request.id","","","",0,1,"","","","string {[]} {[]}
","Unique id for inter-element referencing","Unique id for the element within a resource (for internal references). This may be any string value that does not contain spaces.","","","","","","","","","",,,,,"",,,,"Element.id",0,1,"","","n/a"
"Bundle.entry:claimResponse.request.extension","Bundle.entry.request.extension","","extensions
user content","",0,*,"","","","Extension {[]} {[]}
","Additional content defined by implementations","May be used to represent additional information that is not part of the basic definition of the element. To make the use of extensions safe and manageable, there is a strict set of governance  applied to the definition and use of extensions. Though any implementer can define an extension, there is a set of requirements that SHALL be met as part of the definition of the extension.","There can be no stigma associated with the use of extensions by any application, project, or standard - regardless of the institution or jurisdiction that uses or defines the extensions.  The use of extensions is what allows the FHIR specification to retain a core level of simplicity for everyone.","","","","","","","","",,,,,"",,,,"Element.extension",0,*,"","ele-1:All FHIR elements must have a @value or children {hasValue() or (children().count() > id.count())}
ext-1:Must have either extensions or value[x], not both {extension.exists() != value.exists()}","n/a"
"Bundle.entry:claimResponse.request.modifierExtension","Bundle.entry.request.modifierExtension","","extensions
user contentmodifiers","",0,*,"","Y","Y","Extension {[]} {[]}
","Extensions that cannot be ignored even if unrecognized","May be used to represent additional information that is not part of the basic definition of the element and that modifies the understanding of the element in which it is contained and/or the understanding of the containing element's descendants. Usually modifier elements provide negation or qualification. To make the use of extensions safe and manageable, there is a strict set of governance applied to the definition and use of extensions. Though any implementer can define an extension, there is a set of requirements that SHALL be met as part of the definition of the extension. Applications processing a resource are required to check for modifier extensions.

Modifier extensions SHALL NOT change the meaning of any elements on Resource or DomainResource (including cannot change the meaning of modifierExtension itself).","There can be no stigma associated with the use of extensions by any application, project, or standard - regardless of the institution or jurisdiction that uses or defines the extensions.  The use of extensions is what allows the FHIR specification to retain a core level of simplicity for everyone.","Modifier extensions allow for extensions that *cannot* be safely ignored to be clearly distinguished from the vast majority of extensions which can be safely ignored.  This promotes interoperability by eliminating the need for implementers to prohibit the presence of extensions. For further information, see the [definition of modifier extensions](http://hl7.org/fhir/R4/extensibility.html#modifierExtension).","","","","","","","",,,,,"",,,,"BackboneElement.modifierExtension",0,*,"","ele-1:All FHIR elements must have a @value or children {hasValue() or (children().count() > id.count())}
ext-1:Must have either extensions or value[x], not both {extension.exists() != value.exists()}","N/A"
"Bundle.entry:claimResponse.request.method","Bundle.entry.request.method","","","",1,1,"","","Y","code {[]} {[]}
","GET | HEAD | POST | PUT | DELETE | PATCH","在 transaction 或 batch 中，這是此條目要執行的 HTTP 操作。在history Bundle中，這表示發生的 HTTP 操作。","","","","","","","","","",,"required","應填入所綁定值集中的其中一個代碼。","http://hl7.org/fhir/ValueSet/http-verb|4.0.1","",,,,"Bundle.entry.request.method",1,1,"","ele-1:All FHIR elements must have a @value or children {hasValue() or (children().count() > id.count())}
"
"Bundle.entry:claimResponse.request.url","Bundle.entry.request.url","","","",1,1,"","","Y","uri {[]} {[]}
","此Bundle HTTP 對應的 URL","此條目相對於根地址（請求發布的地址）的 URL。","例如：對於 病人創建（Patient Create），方法是 「POST」，URL 是 「Patient」。對於病人更新（Patient Update），方法是 「PUT」，URL 是 「Patient/[id]」。","","","","","","","","",,,,,"",,,,"Bundle.entry.request.url",1,1,"","ele-1:All FHIR elements must have a @value or children {hasValue() or (children().count() > id.count())}
"
"Bundle.entry:claimResponse.request.ifNoneMatch","Bundle.entry.request.ifNoneMatch","","","",0,1,"","","Y","string {[]} {[]}
","用於管理緩存當前狀態","如果 ETag 值匹配，則返回 304 未修改狀態（Not Modified）。請參閱「[有條件讀取（Conditional Read）]（http://hl7.org/fhir/R4/http.html#cread）」的 API 文件。","","","","","","","","","",,,,,"",,,,"Bundle.entry.request.ifNoneMatch",0,1,"","ele-1:All FHIR elements must have a @value or children {hasValue() or (children().count() > id.count())}
"
"Bundle.entry:claimResponse.request.ifModifiedSince","Bundle.entry.request.ifModifiedSince","","","",0,1,"","","Y","instant {[]} {[]}
","用於管理緩存當前狀態","僅在最後更新日期匹配時執行操作。請參閱 「[有條件讀取（Conditional Read）]（http://hl7.org/fhir/R4/http.html#cread）」的 API 文件。","","","","","","","","","",,,,,"",,,,"Bundle.entry.request.ifModifiedSince",0,1,"","ele-1:All FHIR elements must have a @value or children {hasValue() or (children().count() > id.count())}
"
"Bundle.entry:claimResponse.request.ifMatch","Bundle.entry.request.ifMatch","","","",0,1,"","","Y","string {[]} {[]}
","用於管理更新衝突","只有在 Etag 值匹配時才執行操作。有關詳細資訊，請參閱 API 部分 「[管理resource衝突]（http://hl7.org/fhir/R4/http.html#concurrency）」。","","","","","","","","","",,,,,"",,,,"Bundle.entry.request.ifMatch",0,1,"","ele-1:All FHIR elements must have a @value or children {hasValue() or (children().count() > id.count())}
"
"Bundle.entry:claimResponse.request.ifNoneExist","Bundle.entry.request.ifNoneExist","","","",0,1,"","","Y","string {[]} {[]}
","用於有條件建立","如果指定的resource已經存在，則指示伺服器不執行創建。有關詳細資訊，請參閱 「[有條件創建 （Conditional Creage）]（http://hl7.org/fhir/R4/http.html#ccreate）」的 API 文件。這只是 URL 的查詢部分，即「? 」後面的內容（不包括「?」）。","","","","","","","","","",,,,,"",,,,"Bundle.entry.request.ifNoneExist",0,1,"","ele-1:All FHIR elements must have a @value or children {hasValue() or (children().count() > id.count())}
"
"Bundle.entry:claimResponse.response","Bundle.entry.response","","","",0,1,"","","Y","BackboneElement {[]} {[]}
","執行結果（transaction/batch/history）","表表示 batch 或 transaction 中相應「請求」條目的處理結果，或返回history時的操作結果。","","","","","","","","","",,,,,"",,,,"Bundle.entry.response",0,1,"bdl-4
","ele-1:All FHIR elements must have a @value or children {hasValue() or (children().count() > id.count())}
"
"Bundle.entry:claimResponse.response.id","Bundle.entry.response.id","","","",0,1,"","","","string {[]} {[]}
","Unique id for inter-element referencing","Unique id for the element within a resource (for internal references). This may be any string value that does not contain spaces.","","","","","","","","","",,,,,"",,,,"Element.id",0,1,"","","n/a"
"Bundle.entry:claimResponse.response.extension","Bundle.entry.response.extension","","extensions
user content","",0,*,"","","","Extension {[]} {[]}
","Additional content defined by implementations","May be used to represent additional information that is not part of the basic definition of the element. To make the use of extensions safe and manageable, there is a strict set of governance  applied to the definition and use of extensions. Though any implementer can define an extension, there is a set of requirements that SHALL be met as part of the definition of the extension.","There can be no stigma associated with the use of extensions by any application, project, or standard - regardless of the institution or jurisdiction that uses or defines the extensions.  The use of extensions is what allows the FHIR specification to retain a core level of simplicity for everyone.","","","","","","","","",,,,,"",,,,"Element.extension",0,*,"","ele-1:All FHIR elements must have a @value or children {hasValue() or (children().count() > id.count())}
ext-1:Must have either extensions or value[x], not both {extension.exists() != value.exists()}","n/a"
"Bundle.entry:claimResponse.response.modifierExtension","Bundle.entry.response.modifierExtension","","extensions
user contentmodifiers","",0,*,"","Y","Y","Extension {[]} {[]}
","Extensions that cannot be ignored even if unrecognized","May be used to represent additional information that is not part of the basic definition of the element and that modifies the understanding of the element in which it is contained and/or the understanding of the containing element's descendants. Usually modifier elements provide negation or qualification. To make the use of extensions safe and manageable, there is a strict set of governance applied to the definition and use of extensions. Though any implementer can define an extension, there is a set of requirements that SHALL be met as part of the definition of the extension. Applications processing a resource are required to check for modifier extensions.

Modifier extensions SHALL NOT change the meaning of any elements on Resource or DomainResource (including cannot change the meaning of modifierExtension itself).","There can be no stigma associated with the use of extensions by any application, project, or standard - regardless of the institution or jurisdiction that uses or defines the extensions.  The use of extensions is what allows the FHIR specification to retain a core level of simplicity for everyone.","Modifier extensions allow for extensions that *cannot* be safely ignored to be clearly distinguished from the vast majority of extensions which can be safely ignored.  This promotes interoperability by eliminating the need for implementers to prohibit the presence of extensions. For further information, see the [definition of modifier extensions](http://hl7.org/fhir/R4/extensibility.html#modifierExtension).","","","","","","","",,,,,"",,,,"BackboneElement.modifierExtension",0,*,"","ele-1:All FHIR elements must have a @value or children {hasValue() or (children().count() > id.count())}
ext-1:Must have either extensions or value[x], not both {extension.exists() != value.exists()}","N/A"
"Bundle.entry:claimResponse.response.status","Bundle.entry.response.status","","","",1,1,"","","Y","string {[]} {[]}
","狀態回應代碼（文字選填）","處理此條目時返回的狀態編碼。狀態 **必須（SHALL）** 以三位 HTTP 編碼（如 404）開頭，並可包含與狀態編碼相關的標準 HTTP 描述。","","","","","","","","","",,,,,"",,,,"Bundle.entry.response.status",1,1,"","ele-1:All FHIR elements must have a @value or children {hasValue() or (children().count() > id.count())}
"
"Bundle.entry:claimResponse.response.location","Bundle.entry.response.location","","","",0,1,"","","Y","uri {[]} {[]}
","位置（如果操作返回位置）","處理該操作時創建的位置表頭（location header），如果該操作返回位置，則填入該位地置表頭。","","","","","","","","","",,,,,"",,,,"Bundle.entry.response.location",0,1,"","ele-1:All FHIR elements must have a @value or children {hasValue() or (children().count() > id.count())}
"
"Bundle.entry:claimResponse.response.etag","Bundle.entry.response.etag","","","",0,1,"","","Y","string {[]} {[]}
","resource的 Etag（如果有相關）","resource的 Etag，如果條目的操作產生了版本化resource（請參閱 「[Resource Metadata及版本化和管理resource衝突」]（http://hl7.org/fhir/R4/http.html#versioning））。","Etag 與 Resource.meta.versionId 匹配。如果包含resource，ETag 必須與表頭中的版本 ID 相匹配。","","","","","","","","",,,,,"",,,,"Bundle.entry.response.etag",0,1,"","ele-1:All FHIR elements must have a @value or children {hasValue() or (children().count() > id.count())}
"
"Bundle.entry:claimResponse.response.lastModified","Bundle.entry.response.lastModified","","","",0,1,"","","Y","instant {[]} {[]}
","修改時之伺服器日期時間","此resource在伺服器上被修改的日期/時間。","如果包含resource，則必須與meta.lastUpdated中的時間一致。","","","","","","","","",,,,,"",,,,"Bundle.entry.response.lastModified",0,1,"","ele-1:All FHIR elements must have a @value or children {hasValue() or (children().count() > id.count())}
"
"Bundle.entry:claimResponse.response.outcome","Bundle.entry.response.outcome","","","",0,1,"","","Y","Resource {[]} {[]}
","帶提示和警告的OperationOutcome（用於batch/transaction）","操作結果（OperationOutcome），包含在batch或transaction中處理此條目時產生的提示和警告。","對於 POST/PUT 操作，這是 prefer = operationoutcome 將返回的等價結果，但無論是否返回結果，resource都會被返回。此結果不用於批次處理/異動處理中的錯誤響應，僅用於提示和警告。在批次處理操作中，錯誤將出現在 Bundle.entry.response 中，而在異動處理中，如果出現錯誤，將只有一個 OperationOutcome 而不是一個 bundle。","","","","","","","","",,,,,"",,,,"Bundle.entry.response.outcome",0,1,"",""
"Bundle.signature","Bundle.signature","","","",0,1,"","","Y","Signature {[]} {[]}
","數位簽章","數位簽章 - base64 編碼。XML-DSig 或 JWT。","簽章可以由bundle的「作者（author）」或是發起的設備所創建。關於是否要包含簽章、如何驗證簽章，以及如何處理已簽章與未簽章的bundle，這些要求會根據實作的環境而有所不同。","簽章（Signature）以 FHIR 可存取的形式保存簽章及其支持上下文的電子表述。簽章可以是加密類型（XML DigSig 或 JWS），能夠提供不可否認性證明，也可以是表示簽章或簽章過程的圖形化圖像。該資料項目允許截取 document、message、transation甚至search回應上的簽章，以支持內容驗證、不可否認性或其他業務情況。這主要適用於Bundle可能透過多節點傳輸或其他機制傳輸的情況，因為 HTTPS 的不可否認性是不夠的。","","","","","","","",,,,,"",,,,"Bundle.signature",0,1,"","ele-1:All FHIR elements must have a @value or children {hasValue() or (children().count() > id.count())}
"
