URL,Version,Status,OIDs,Name,Title,Descriptino,Uses,Used,Sources
http://hl7.org/fhir/ValueSet/issue-severity,4.0.1,active,"2.16.840.1.113883.4.642.3.408",IssueSeverity,IssueSeverity,"How the issue affects the success of the action.","StructureDefinition/Operationoutcome-twpas","hl7.fhir.r4.core"
http://hl7.org/fhir/ValueSet/issue-type,4.0.1,active,"2.16.840.1.113883.4.642.3.410",IssueType,IssueType,"A code that describes the type of issue.","StructureDefinition/Operationoutcome-twpas","hl7.fhir.r4.core"
http://hl7.org/fhir/ValueSet/observation-codes,4.0.1,draft,"2.16.840.1.113883.4.642.3.396",LOINCCodes,LOINC Codes,"This value set includes all LOINC codes","ConceptMap/nhi-loinc,StructureDefinition/Observation-laboratory-result-twpas","LOINC"
http://hl7.org/fhir/ValueSet/report-codes,4.0.1,draft,"2.16.840.1.113883.4.642.3.233",LOINCDiagnosticReportCodes,LOINC Diagnostic Report Codes,"This value set includes LOINC codes that relate to Diagnostic Observations.","StructureDefinition/DiagnosticReport-image-twpas","LOINC"
http://loinc.org/vs/LL4048-6,null,active,,LOINCAnswersLL4048-6,LOINC Answer Codes for LL4048-6,"","StructureDefinition/Observation-diagnostic-twpas","LOINC"
https://nhicore.nhi.gov.tw/pas/ValueSet/cancer-stage,1.0.6,active,,CancerStage,SCT + NCI-健保事前審查-癌症分期量表項目值集,"SCT + NCI-健保事前審查-癌症分期量表項目值集","StructureDefinition/Observation-cancer-stage-twpas","SCT,Internal"
https://nhicore.nhi.gov.tw/pas/ValueSet/cancer-stage-score,1.0.6,active,,CancerStageScore,NCI-健保事前審查-FIGO癌症分期量表結果值集,"NCI-健保事前審查-FIGO癌症分期量表結果值集","StructureDefinition/Observation-cancer-stage-twpas","Internal"
https://nhicore.nhi.gov.tw/pas/ValueSet/dicom-cid-29-AcquisitionModality,1.0.6,active,,AcquisitionModality,HL7-AcquisitionModality值集,"原值集因總會工具問題無法正常顯示，故先自建值集。","StructureDefinition/ImagingStudy-twpas","Internal"
https://nhicore.nhi.gov.tw/pas/ValueSet/dna-change-type,1.0.6,active,,DNAChangeType,LOINC-健保事前審查-基因突變類型值集,"LOINC-健保事前審查-基因突變類型值集","StructureDefinition/Observation-diagnostic-twpas","Internal,LOINC"
https://nhicore.nhi.gov.tw/pas/ValueSet/gene-test-code,1.0.6,active,,GeneTestCode,LOINC-健保事前審查-基因檢測代碼值集,"LOINC-健保事前審查-基因檢測代碼值集","StructureDefinition/Observation-diagnostic-twpas","LOINC"
https://nhicore.nhi.gov.tw/pas/ValueSet/icd-10-pcs-2014-image,1.0.6,active,,ICD10PCSImage,NHI-臺灣健保署2014年中文版ICD 10 PCS-影像報告值集,"NHI-臺灣健保署2014年中文版ICD 10 PCS-影像報告值集","StructureDefinition/DiagnosticReport-image-twpas","tw.gov.mohw.twcore"
https://nhicore.nhi.gov.tw/pas/ValueSet/icd-10-pcs-2014-radiotherapy,1.0.6,active,,ICD10PCSRadiotherapy,NHI-臺灣健保署2014年中文版ICD 10 PCS-放射治療項目值集,"NHI-臺灣健保署2014年中文版ICD 10 PCS-放射治療項目值集","StructureDefinition/Procedure-twpas,StructureDefinition/Substance-twpas","tw.gov.mohw.twcore"
https://nhicore.nhi.gov.tw/pas/ValueSet/icd-10-pcs-2023-image,1.0.6,active,,ICD10PCS2023Image,NHI-臺灣健保署2023年中文版ICD 10 PCS-影像報告值集,"NHI-臺灣健保署2023年中文版ICD 10 PCS-影像報告值集","StructureDefinition/DiagnosticReport-image-twpas","tw.gov.mohw.twcore"
https://nhicore.nhi.gov.tw/pas/ValueSet/icd-10-pcs-2023-radiotherapy,1.0.6,active,,ICD10PCS2023Radiotherapy,NHI-臺灣健保署2023年中文版ICD 10 PCS-放射治療項目值集,"NHI-臺灣健保署2023年中文版ICD 10 PCS-放射治療項目值集","StructureDefinition/Procedure-twpas,StructureDefinition/Substance-twpas","tw.gov.mohw.twcore"
https://nhicore.nhi.gov.tw/pas/ValueSet/media-mimetypes,1.0.6,active,,MediaMimeTypes,HL7-非DICOM影像MimeType值集,"HL7-非DICOM影像MimeType值集","StructureDefinition/Media-twpas","Other"
https://nhicore.nhi.gov.tw/pas/ValueSet/medication-frequency-hl7-nhi,1.0.6,active,,NHIMedicationFrequencyHL7,HL7 TimingAbbreviation + NHI-健保事前審查-藥品使用頻率值集,"HL7 TimingAbbreviation + NHI-健保事前審查-藥品使用頻率值集。為配合專案時程，使用暫時性代碼系統，日後將統一使用TW Core IG的臺灣健保署藥品使用頻率。   代碼對應請參照[臺灣健保署藥品使用頻率代碼對應對應HL7 TimingAbbreviation](https://build.fhir.org/ig/cctwFHIRterm/MOHW_TWCoreIG_Build/ConceptMap-medication-frequency-tw.html)","StructureDefinition/MedicationRequest-apply-twpas,StructureDefinition/MedicationRequest-treat-twpas","THO (V3),Internal"
https://nhicore.nhi.gov.tw/pas/ValueSet/medication-path-sct-tw,1.0.6,active,,TWPCSMedicationPathSCT,SNOMED CT + 臺灣健保署-健保事前審查-給藥途徑值集,"SNOMED CT + 臺灣健保署-健保事前審查-給藥途徑值集。 代碼對應請參照[臺灣健保署給藥途徑代碼對應SNOMED CT](https://build.fhir.org/ig/cctwFHIRterm/MOHW_TWCoreIG_Build/ConceptMap-medication-path-tw.html)  此值集優先採用國際標準碼，國際標準碼未能表述之概念，則以普遍被使用的臺灣健保署給藥途徑代碼表述，請實作者留意。","StructureDefinition/MedicationRequest-apply-twpas,StructureDefinition/MedicationRequest-treat-twpas","tw.gov.mohw.twcore,SCT"
https://nhicore.nhi.gov.tw/pas/ValueSet/nhi-acceptance-status,1.0.6,active,,NHIAcceptanceStatus,NHI-健保事前審查-案件受理狀態值集,"NHI-健保事前審查-案件受理狀態值集","StructureDefinition/ClaimResponse-twpas","Internal"
https://nhicore.nhi.gov.tw/pas/ValueSet/nhi-apply-reason,1.0.6,active,,NHIApplyReason,NHI-健保事前審查-給付適應症值集,"NHI-健保事前審查-給付適應症值集","StructureDefinition/Claim-twpas","Internal"
https://nhicore.nhi.gov.tw/pas/ValueSet/nhi-apply-side,1.0.6,active,,NHIApplySide,NHI-健保事前審查-申請部位值集,"NHI-健保事前審查-申請部位值集","StructureDefinition/Claim-twpas","Internal"
https://nhicore.nhi.gov.tw/pas/ValueSet/nhi-apply-type,1.0.6,active,,NHIApplyType,NHI-健保事前審查-申報類別值集,"NHI-健保事前審查-申報類別值集","StructureDefinition/Claim-twpas","Internal"
https://nhicore.nhi.gov.tw/pas/ValueSet/nhi-approve-claim-comment,1.0.6,active,,NHIApproveClaimComment,NHI-健保事前審查-受理審查案件核定註記值集,"NHI-健保事前審查-受理審查案件核定註記值集","StructureDefinition/ClaimResponse-self-assessment-twpas,StructureDefinition/ClaimResponse-twpas","Internal"
https://nhicore.nhi.gov.tw/pas/ValueSet/nhi-approve-item-comment,1.0.6,active,,NHIApproveItemComment,NHI-健保事前審查-個別醫令核定註記值集,"NHI-健保事前審查-個別醫令核定註記值集","StructureDefinition/ClaimResponse-self-assessment-twpas,StructureDefinition/ClaimResponse-twpas","Internal"
https://nhicore.nhi.gov.tw/pas/ValueSet/nhi-body-site,1.0.6,active,,NHIBodySite,NHI-健保事前審查-身體部位值集,"NHI-健保事前審查-身體部位值集，代碼對應請參考[臺灣健保署身體部位代碼對應SNOMED CT](ConceptMap-nhi-sct-body-site.html)。","ConceptMap/nhi-sct-body-site","Internal"
https://nhicore.nhi.gov.tw/pas/ValueSet/nhi-continuation-status,1.0.6,active,,NHIContinuationStatus,NHI-健保事前審查-續用註記值集,"NHI-健保事前審查-續用註記值集","StructureDefinition/Claim-twpas","Internal"
https://nhicore.nhi.gov.tw/pas/ValueSet/nhi-drug-category,1.0.6,active,,NHIDrugCategory,NHI-健保事前審查-藥物類型值集,"NHI-健保事前審查-藥物類型值集","StructureDefinition/MedicationRequest-treat-twpas","Internal"
https://nhicore.nhi.gov.tw/pas/ValueSet/nhi-line-of-therapy,1.0.6,active,,NHILOT,NHI-健保事前審查-用藥線別值集,"NHI-健保事前審查-用藥線別值集","StructureDefinition/Claim-twpas","Internal"
https://nhicore.nhi.gov.tw/pas/ValueSet/nhi-medication,1.0.6,active,,NHIMedication,NHI-健保事前審查-用藥品項值集,"NHI-健保事前審查-用藥品項值集。   此值集所涵蓋代碼量較大會使載入頁面時間較長，為方便使用者瀏覽，此處(本頁、XML、JSON、TTL)僅擷取部分代碼，完整代碼可至[健保用藥品項網路查詢服務](https://info.nhi.gov.tw/INAE3000/INAE3000S01)查閱","StructureDefinition/MedicationRequest-apply-twpas,StructureDefinition/MedicationRequest-treat-twpas","Internal"
https://nhicore.nhi.gov.tw/pas/ValueSet/nhi-order-type,1.0.6,active,,NHIOrderType,NHI-健保事前審查-醫令類別值集,"NHI-健保事前審查-醫令類別值集","StructureDefinition/Claim-twpas","Internal"
https://nhicore.nhi.gov.tw/pas/ValueSet/nhi-organization,1.0.6,active,,NHIOrganization,NHI-健保事前審查-特約醫事機構值集,"NHI-健保事前審查-特約醫事機構值集，參照至[衛福部健保署特約醫事機構代碼網路查詢服務](https://www.nhi.gov.tw/ch/cp-5548-135e8-2931-1.html)中的[健保特約醫療院所名冊](https://info.nhi.gov.tw/IODE0000/IODE0000S09?id=1120)  代碼出版日期：2024-04-22；資料所屬單位：衛生福利部中央健康保險署。  *因原始資料無代碼版本資訊，故使用其「更新日期」作為版本資訊。* ","StructureDefinition/Organization-twpas","Internal"
https://nhicore.nhi.gov.tw/pas/ValueSet/nhi-pdf-type,1.0.6,active,,NHIPDFType,NHI-健保事前審查-文件類型值集,"NHI-健保事前審查-文件類型值集","StructureDefinition/DocumentReference-twpas","Internal"
https://nhicore.nhi.gov.tw/pas/ValueSet/nhi-supporting-info-type,1.0.6,active,,NHIPASSupportingInfoType,NHI-健保事前審查-補充資訊類別值集,"NHI-健保事前審查-補充資訊類別值集","StructureDefinition/Claim-twpas","Internal"
https://nhicore.nhi.gov.tw/pas/ValueSet/nhi-tmhb-type,1.0.6,active,,NHITMHBType,NHI-健保事前審查-申請案件類別值集,"NHI-健保事前審查-申請案件類別值集","StructureDefinition/Claim-twpas","Internal"
https://nhicore.nhi.gov.tw/pas/ValueSet/nhi-tx-ast,1.0.6,active,,NHITreatmentAst,NHI-健保事前審查-治療後疾病狀態評估項目值集,"NHI-健保事前審查-治療後疾病狀態評估項目值集","StructureDefinition/Observation-tx-assessment-twpas","Internal"
https://nhicore.nhi.gov.tw/pas/ValueSet/pat-ast,1.0.6,active,,PatAst,LOINC + NHI-健保事前審查-病人狀態評估項目值集,"LOINC + NHI-病人狀態評估項目值集","StructureDefinition/Observation-pat-assessment-twpas","Internal,LOINC"
https://nhicore.nhi.gov.tw/pas/ValueSet/report-type,1.0.6,active,,ReportType,LOINC-健保事前審查-報告類型值集,"LOINC-健保事前審查-報告類型值集","StructureDefinition/DiagnosticReport-twpas","LOINC"
https://nhicore.nhi.gov.tw/pas/ValueSet/sct-body-site,1.0.6,active,,SNOMEDCTBodySite,SNOMEDCT-健保事前審查-身體部位值集,"SNOMEDCT-健保事前審查-身體部位值集，代碼對應請參考[臺灣健保署身體部位代碼對應SNOMED CT](ConceptMap-nhi-sct-body-site.html)。","StructureDefinition/ImagingStudy-twpas,StructureDefinition/Media-twpas,ConceptMap/nhi-sct-body-site","SCT"
https://nhicore.nhi.gov.tw/pas/ValueSet/specime-type,1.0.6,active,,SpecimenType,LOINC-健保事前審查-基因檢測檢體類型值集,"LOINC-健保事前審查-基因檢測檢體類型值集","StructureDefinition/Specimen-twpas","LOINC"
https://nhicore.nhi.gov.tw/pas/ValueSet/ucum-units,1.0.6,active,,UCUMUnits,UCUM-健保事前審查-UCUM單位值集,"UCUM-健保事前審查-UCUM單位值集","StructureDefinition/MedicationRequest-apply-twpas,StructureDefinition/Substance-twpas,StructureDefinition/MedicationRequest-treat-twpas,StructureDefinition/Claim-twpas","UCUM"
https://twcore.mohw.gov.tw/ig/twcore/ValueSet/icd-10-cm-2014-tw,2017-07-19,active,,TW2014ICD10CM,臺灣健保署2014年中文版ICD-10-CM值集,"臺灣健保署2014年中文版ICD-10-CM值集。 資料所屬單位：衛生福利部中央健康保險署。   此值集所涵蓋代碼量較大會使載入頁面時間較長，為方便使用者瀏覽，此處(本頁、XML、JSON、TTL)僅擷取部分代碼，完整代碼可至[全國專門術語服務平臺－值集(Value Set)](https://fhir.mohw.gov.tw/ts/valueset.jsp)查閱","StructureDefinition/Claim-twpas","tw.gov.mohw.twcore"
https://twcore.mohw.gov.tw/ig/twcore/ValueSet/icd-10-cm-2023-tw,2024-11-18,active,,TW2023ICD10CM,臺灣健保署2023年中文版ICD-10-CM值集,"臺灣健保署2023年中文版ICD-10-CM值集。 資料所屬單位：衛生福利部中央健康保險署。  此值集所涵蓋代碼量較大會使載入頁面時間較長，為方便使用者瀏覽，此處(本頁、XML、JSON、TTL)僅擷取部分代碼，完整代碼可至[全國專門術語服務平臺－值集(Value Set)](https://fhir.mohw.gov.tw/ts/valueset.jsp)查閱","StructureDefinition/Claim-twpas","tw.gov.mohw.twcore"
https://twcore.mohw.gov.tw/ig/twcore/ValueSet/icd-10-pcs-2014-tw,2017-07-19,active,,TW2014ICD10PCS,臺灣健保署2014年中文版ICD-10-PCS值集,"臺灣健保署2014年中文版ICD-10-PCS值集。 資料所屬單位：衛生福利部中央健康保險署。  此值集所涵蓋代碼量較大會使載入頁面時間較長，為方便使用者瀏覽，此處(本頁、XML、JSON、TTL)僅擷取部分代碼，完整代碼可至[全國專門術語服務平臺－值集(Value Set)](https://fhir.mohw.gov.tw/ts/valueset.jsp)查閱","StructureDefinition/Claim-twpas","tw.gov.mohw.twcore"
https://twcore.mohw.gov.tw/ig/twcore/ValueSet/icd-10-pcs-2023-tw,2024-11-18,active,,TW2023ICD10PCS,臺灣健保署2023年中文版ICD-10-PCS值集,"臺灣健保署2023年中文版ICD-10-PCS值集。 資料所屬單位：衛生福利部中央健康保險署。  此值集所涵蓋代碼量較大會使載入頁面時間較長，為方便使用者瀏覽，此處(本頁、XML、JSON、TTL)僅擷取部分代碼，完整代碼可至[全國專門術語服務平臺－值集(Value Set)](https://fhir.mohw.gov.tw/ts/valueset.jsp)查閱","StructureDefinition/Claim-twpas","tw.gov.mohw.twcore"
https://twcore.mohw.gov.tw/ig/twcore/ValueSet/laboratory-category-tw,2022-07-01,active,,TWLaboratoryCategory,臺灣健保署醫療服務給付項目-檢驗值集,"臺灣健保署醫療服務給付項目-檢驗值集。 資料所屬單位：衛生福利部中央健康保險署。 ","ConceptMap/nhi-loinc","tw.gov.mohw.twcore"
https://twcore.mohw.gov.tw/ig/twcore/ValueSet/medical-department-sct-tw,0.3.0,active,,TWMedicalDepartmentSCT,對應至 SNOMED CT之就醫科別 + 診療科別值集,"因就醫科別與診療科別對應到之國際標準碼 SNOMED CT有共通代碼，因此本值集將兩者的對應代碼整合於同一值集中。    另為便於使用者更清晰地辨識「[就醫科別](ValueSet-medical-department-sct-tw.html#就醫科別對應表)」及「[診療科別](ValueSet-medical-department-sct-tw.html#診療科別對應表)」的各別完整值集範圍，請參閱以下兩個表格，代碼使用原則為：若想表達的語意有國際代碼可表述，便採用國際代碼；若無對應的國際代碼可表述，則採用健保署編訂的代碼。  ","StructureDefinition/Encounter-twpas","SCT"
https://twcore.mohw.gov.tw/ig/twcore/ValueSet/procedure-tw,2024-05-27,active,,TWMedicalServicePayment,臺灣健保署醫療服務給付項目-處置或手術值集,"臺灣健保署醫療服務給付項目-處置或手術值集。 資料所屬單位：衛生福利部中央健康保險署。 ","StructureDefinition/Claim-twpas","tw.gov.mohw.twcore"
