<?xml version="1.0" encoding="UTF-8"?>

<DiagnosticReport xmlns="http://hl7.org/fhir">
  <id value="diaRep-min"/>
  <meta>
    <profile value="https://nhicore.nhi.gov.tw/pas/StructureDefinition/DiagnosticReport-twpas"/>
  </meta>
  <text>
    <status value="generated"/><div xmlns="http://www.w3.org/1999/xhtml"><div style="display: inline-block; background-color: #d9e0e7; padding: 6px; margin: 4px; border: 1px solid #8da1b4; border-radius: 5px; line-height: 60%"><p style="margin-bottom: 0px">Profile: <a href="StructureDefinition-DiagnosticReport-twpas.html">檢查報告-DiagnosticReport TWPAS</a></p></div><p><b>狀態</b>：final</p><p><b>報告類型</b>：Prostate Pathology biopsy report <span style="background: LightGoldenRodYellow; margin: 4px; border: 1px solid khaki">(<a href="http://loinc.org">EncounterStatus</a>#66117-3)</span></p><p><b>檢體種類</b>：Prostate</p><p><b>病人</b>：<a href="Patient-pat-min.html">Patient/pat-min</a> &quot;王大明&quot;</p><p><b>報告日期</b>：2024-05-07</p><p><b>檢查報告醫師</b>：<a href="Practitioner-pra-min.html">Practitioner/pra-min</a></p><p><b>報告結果-文數字</b>：細胞檢查報告結果</p><blockquote><p><b>檢查報告名稱</b>：PathologyReport01</p><p><b>檢查報告</b>：file://PathologyReport01.pdf</p></blockquote><blockquote><p><b>檢查報告名稱</b>：PathologyReport02</p><p><b>檢查報告</b>：file://PathologyReport02.pdf</p></blockquote></div>
  </text>
  <status value="final"/>
  <code>
    <coding>
      <system value="http://loinc.org"/>
      <code value="66117-3"/>
    </coding>
    <text value="Prostate"/>
  </code>
  <subject>
    <reference value="Patient/pat-min"/>
  </subject>
  <effectiveDateTime value="2024-05-07"/>
  <performer>
    <reference value="Practitioner/pra-min"/>
  </performer>
  <conclusion value="細胞檢查報告結果"/>
  <presentedForm>
    <contentType value="application/pdf"/>
    <url value="file://PathologyReport01.pdf"/>
    <title value="PathologyReport01"/>
  </presentedForm>
  <presentedForm>
    <contentType value="application/pdf"/>
    <url value="file://PathologyReport02.pdf"/>
    <title value="PathologyReport02"/>
  </presentedForm>
</DiagnosticReport>