<?xml version="1.0" encoding="UTF-8"?>

<DocumentReference xmlns="http://hl7.org/fhir">
  <id value="doc-medicalRecord-min"/>
  <meta>
    <profile value="https://nhicore.nhi.gov.tw/pas/StructureDefinition/DocumentReference-twpas"/>
  </meta>
  <text>
    <status value="generated"/><div xmlns="http://www.w3.org/1999/xhtml"><div style="display: inline-block; background-color: #d9e0e7; padding: 6px; margin: 4px; border: 1px solid #8da1b4;
        border-radius: 5px; line-height: 60%"><p style="margin-bottom: 0px">Profile: <a href="StructureDefinition-DocumentReference-twpas.html">文件參照-DocumentReference TWPAS</a></p></div><p><b>狀態</b>：current</p><p><b>報告類型</b>：病歷資料 <span style="background: LightGoldenRodYellow; margin: 4px; border: 1px solid khaki">(<a href="CodeSystem-nhi-pdf-type.html">NHI-文件類型</a>#medrec)</span></p><p><b>病人</b>：<a href="Patient-pat-min.html">Patient/pat-min</a> &quot;王大明&quot;</p><p><b>病歷資料 (application/pdf)</b>：file://王大明病歷.pdf</p><p><b>病歷資料名稱</b>：王大明病歷</p></div>
  </text>
  <status value="current"/>
  <category>
    <coding>
      <system value="https://nhicore.nhi.gov.tw/pas/CodeSystem/nhi-pdf-type"/>
      <code value="medrec"/>
    </coding>
  </category>
  <subject>
    <reference value="Patient/pat-min"/>
  </subject>
  <content>
    <attachment>
      <contentType value="application/pdf"/>
      <url value="file://王大明病歷.pdf"/>
      <title value="王大明病歷"/>
    </attachment>
  </content>
</DocumentReference>