<?xml version="1.0" encoding="UTF-8"?>

<DocumentReference xmlns="http://hl7.org/fhir">
  <id value="doc-careplan-min"/>
  <meta>
    <profile value="https://nhicore.nhi.gov.tw/pas/StructureDefinition/DocumentReference-twpas"/>
  </meta>
  <text>
    <status value="generated"/><div xmlns="http://www.w3.org/1999/xhtml"><div style="display: inline-block; background-color: #d9e0e7; padding: 6px; margin: 4px; border: 1px solid #8da1b4;
        border-radius: 5px; line-height: 60%"><p style="margin-bottom: 0px">Profile: <a href="StructureDefinition-DocumentReference-twpas.html">文件參照-DocumentReference TWPAS</a></p></div><p><b>狀態</b>：current</p><p><b>報告類型</b>：治療計畫文件 <span style="background: LightGoldenRodYellow; margin: 4px; border: 1px solid khaki">(<a href="CodeSystem-nhi-pdf-type.html">NHI-文件類型</a>#careplan)</span></p><p><b>病人</b>：<a href="Patient-pat-min.html">Patient/pat-min</a> &quot;王大明&quot;</p><p><b>治療計畫文件名稱</b>：免疫檢查點抑制劑治療計畫</p><p><b>治療計畫文件 (application/pdf)</b>：file://CarePlanReport01.pdf</p></div>
  </text>
  <status value="current"/>
  <category>
    <coding>
      <system value="https://nhicore.nhi.gov.tw/pas/CodeSystem/nhi-pdf-type"/>
      <code value="careplan"/>
    </coding>
  </category>
  <subject>
    <reference value="Patient/pat-min"/>
  </subject>
  <content>
    <attachment>
      <contentType value="application/pdf"/>
      <url value="file://CarePlanReport01.pdf"/>
      <title value="免疫檢查點抑制劑治療計畫"/>
    </attachment>
  </content>
</DocumentReference>