<?xml version="1.0" encoding="UTF-8"?>

<ImagingStudy xmlns="http://hl7.org/fhir">
  <id value="imaStu-min"/>
  <meta>
    <profile value="https://nhicore.nhi.gov.tw/pas/StructureDefinition/ImagingStudy-twpas"/>
  </meta>
  <text>
    <status value="generated"/><div xmlns="http://www.w3.org/1999/xhtml"><div style="display: inline-block; background-color: #d9e0e7; padding: 6px; margin: 4px; border: 1px solid #8da1b4; border-radius: 5px; line-height: 60%"><p style="margin-bottom: 0px">Profile：<a href="StructureDefinition-ImagingStudy-twpas.html">DICOM影像-ImagingStudy TWPAS</a></p></div><p><b>狀態</b>：registered</p><p><b>病人</b>：<a href="Patient-pat-min.html">Patient/pat-min</a> &quot;王大明&quot;</p><p><b>Study UID</b>：urn:oid:2.16.886.2102.54.4546465747.465465465</p><p><b>Series Instance UID</b>：2.16.886.2102.54.4546465747.465465466</p><p><b>SOP Instance UIDs</b>：2.25.88017001449189502323411118737039844241, 2.25.88017001449189502323411118737039844242</p><p><b>影像檢查的身體部位</b>：Head and neck structure<span style="background: LightGoldenRodYellow; margin: 4px; border: 1px solid khaki"> (<a href="http://snomed.info/sct">SNOMED CT</a>#774007)</span></p><p><b>儀器</b>：CT Image Storage<span style="background: LightGoldenRodYellow; margin: 4px; border: 1px solid khaki"> (<a href="https://dicom.nema.org/medical/dicom/current/output/chtml/part16/chapter_D.html">DICOM</a>#CT)</span></p></div>
  </text>
  <identifier>
    <system value="urn:dicom:uid"/>
    <value value="urn:oid:2.16.886.2102.54.4546465747.465465465"/>
  </identifier>
  <status value="registered"/>
  <subject>
    <reference value="Patient/pat-min"/>
  </subject>
  <series>
    <uid value="2.16.886.2102.54.4546465747.465465466"/>
    <modality>
      <system value="http://dicom.nema.org/resources/ontology/DCM"/>
      <code value="CT"/>
    </modality>
    <bodySite>
      <system value="http://snomed.info/sct"/>
      <code value="774007"/>
      <display value="Head and neck structure"/>
    </bodySite>
    <instance>
      <uid value="2.25.88017001449189502323411118737039844241"/>
      <sopClass>
        <system value="urn:ietf:rfc:3986"/>
        <code value="urn:oid:1.2.840.10008.5.1.4.1.1.2"/>
      </sopClass>
    </instance>
    <instance>
      <uid value="2.25.88017001449189502323411118737039844242"/>
      <sopClass>
        <system value="urn:ietf:rfc:3986"/>
        <code value="urn:oid:1.2.840.10008.5.1.4.1.1.2"/>
      </sopClass>
    </instance>
  </series>
</ImagingStudy>