<?xml version="1.0" encoding="UTF-8"?>

<Observation xmlns="http://hl7.org/fhir">
  <id value="obs-lab-min"/>
  <meta>
    <profile value="https://nhicore.nhi.gov.tw/pas/StructureDefinition/Observation-laboratory-result-twpas"/>
  </meta>
  <text>
    <status value="generated"/><div xmlns="http://www.w3.org/1999/xhtml"><div style="display: inline-block; background-color: #d9e0e7; padding: 6px; margin: 4px; border: 1px solid #8da1b4; border-radius: 5px; line-height: 60%"><p style="margin-bottom: 0px">Profile: <a href="StructureDefinition-Observation-laboratory-result-twpas.html">檢驗檢查-Observation Laboratory Result TWPAS</a></p></div><p><b>狀態</b>：final</p><p><b>類型</b>：檢驗(查)<span style="background: LightGoldenRodYellow; margin: 4px; border: 1px solid khaki"> (<a href="CodeSystem-nhi-supporting-info-type.html/">NHI-補充資訊類別值集</a>#tests)</span></p><p><b>檢驗(查)名稱</b>：Platelets [#/volume] in Blood by Automated count <span style="background: LightGoldenRodYellow; margin: 4px; border: 1px solid khaki">(<a href="http://loinc.org/">LOINCCodes</a>#777-3)</span></p><p><b>病人</b>：<a href="Patient-pat-min.html">Patient/pat-min</a></p><p><b>檢驗(查)報告日期</b>：2024-01-01</p><p><b>簽發檢驗(查)報告醫事人員身分證號</b>：<a href="Practitioner-pra-min.html">Practitioner/pra-min</a></p><p><b>檢驗(查)結果</b>：5.1 mmol/l</p><p><b>檢驗(查)結果判讀</b>：高，High <span style="background: LightGoldenRodYellow; margin: 4px; border: 1px solid khaki">(<a href="http://terminology.hl7.org/CodeSystem/v3-ObservationInterpretation/">ObservationInterpretationCodes </a>#H)</span></p><p><b>檢驗(查)結果之參考範圍下限</b>：2.9 mmol/L</p><p><b>檢驗(查)結果之參考範圍上限</b>：4.9 mmol/L</p><p><b>檢驗(查)附件</b>：<a href="DocumentReference-doc-test-min.html">DocumentReference/doc-test-min</a></p></div>
  </text>
  <status value="final"/>
  <category>
    <coding>
      <system value="https://nhicore.nhi.gov.tw/pas/CodeSystem/nhi-supporting-info-type"/>
      <code value="tests"/>
    </coding>
  </category>
  <code>
    <coding>
      <system value="http://loinc.org"/>
      <code value="777-3"/>
    </coding>
  </code>
  <subject>
    <reference value="Patient/pat-min"/>
  </subject>
  <effectiveDateTime value="2024-01-01"/>
  <performer>
    <reference value="Practitioner/pra-min"/>
  </performer>
  <valueQuantity>
    <value value="5.1"/>
    <unit value="mmol/l"/>
  </valueQuantity>
  <interpretation>
    <coding>
      <system value="http://terminology.hl7.org/CodeSystem/v3-ObservationInterpretation"/>
      <code value="H"/>
    </coding>
    <text value="高"/>
  </interpretation>
  <referenceRange>
    <low>
      <value value="2.9"/>
      <unit value="mmol/l"/>
      <system value="http://unitsofmeasure.org"/>
      <code value="mmol/L"/>
    </low>
    <high>
      <value value="4.9"/>
      <unit value="mmol/l"/>
      <system value="http://unitsofmeasure.org"/>
      <code value="mmol/L"/>
    </high>
  </referenceRange>
  <derivedFrom>
    <reference value="DocumentReference/doc-test-min"/>
  </derivedFrom>
</Observation>