<?xml version="1.0" encoding="UTF-8"?>

<Organization xmlns="http://hl7.org/fhir">
  <id value="org-gene-example"/>
  <meta>
    <profile value="https://nhicore.nhi.gov.tw/pas/StructureDefinition/Organization-genetic-testing-twpas"/>
  </meta>
  <text>
    <status value="generated"/><div xmlns="http://www.w3.org/1999/xhtml"><h3><b>基因檢測機構</b></h3><div style="display: inline-block; background-color: #d9e0e7; padding: 6px; margin: 4px; border: 1px solid #8da1b4; border-radius: 5px; line-height: 60%"><p style="margin-bottom: 0px">Profile: <a href="StructureDefinition-Organization-genetic-testing-twpas.html">基因檢測機構-Organization Genetic Testing TWPAS</a></p></div><p><b>機構代碼</b>：2023LDTB0002 (https://dep.mohw.gov.tw)</p></div>
  </text>
  <identifier>
    <system value="https://dep.mohw.gov.tw"/>
    <value value="2023LDTB0002"/>
  </identifier>
</Organization>