<?xml version="1.0" encoding="UTF-8"?>

<Procedure xmlns="http://hl7.org/fhir">
  <id value="pro-min"/>
  <meta>
    <profile value="https://nhicore.nhi.gov.tw/pas/StructureDefinition/Procedure-twpas"/>
  </meta>
  <text>
    <status value="generated"/><div xmlns="http://www.w3.org/1999/xhtml"><div style="display: inline-block; background-color: #d9e0e7; padding: 6px; margin: 4px; border: 1px solid #8da1b4;
        border-radius: 5px; line-height: 60%"><p style="margin-bottom: 0px">Profile: <a href="StructureDefinition-Procedure-twpas.html">放射治療-Procedure TWPAS</a></p></div><p><b>放射治療狀態</b>：completed</p><p><b>放射治療項目</b>：骨髓高溫療法 <span style="background: LightGoldenRodYellow; margin: 4px; border: 1px solid khaki">(<a href="https://twcore.mohw.gov.tw/ig/twcore/0.3.2/CodeSystem-icd-10-pcs-2023-tw.html">臺灣2023年中文版ICD-10-PCS</a>#D7Y08ZZ)</span></p><p><b>病人</b>：<a href="Patient-pat-min.html">Patient/pat-min</a> &quot;王大明&quot;</p><p><b>放射治療日期</b>：2024-05-06 09:00:00+0000</p><p><b>放射治療總劑量</b>：<a href="Substance-sub-min.html">Substance/sub-min</a> 5000 mg</p></div>
  </text>
  <status value="completed"/>
  <code>
    <coding>
      <system value="https://twcore.mohw.gov.tw/ig/twcore/CodeSystem/icd-10-pcs-2023-tw"/>
      <code value="D7Y08ZZ"/>
    </coding>
  </code>
  <subject>
    <reference value="Patient/pat-min"/>
  </subject>
  <performedDateTime value="2024-05-06T09:00:00.000Z"/>
  <usedReference>
    <reference value="Substance/sub-min"/>
  </usedReference>
</Procedure>