<?xml version="1.0" encoding="UTF-8"?><CapabilityStatement xmlns="http://hl7.org/fhir"><id value="CapabilityStatementTWPASClient"/><text><status value="extensions"/><div xmlns="http://www.w3.org/1999/xhtml"><h2 id="title">臺灣癌藥事前審查-用戶端(TWPAS Client)</h2><ul><li>實作指引版本：1.0.6</li><li>FHIR版本：4.0.1</li><li>支援格式：<code>json</code></li><li>發佈日：2025-07-01</li><li>發佈者：衛生福利部中央健康保險署</li></ul><h3 id="shallIGs">建議應該（SHOULD）支援以下實作指引</h3><ul><li><a href="index.html">臺灣健保癌症用藥事前審查實作指引(TWPAS IG)</a></li></ul><h2 id="rest">Client的FHIR RESTful功能要求</h2><div class="panel panel-default"><div class="panel-heading"><h3 id="mode1" class="panel-title">模式: <code>client</code></h3></div><div class="panel-body"><div><p>臺灣癌藥事前審查-用戶端(TWPAS Client)<b>必須(SHALL)</b>：<br/>(1)使用臺灣癌藥事前審查伺服端（TWPAS Server）能力聲明中的查詢參數，支援讀取和查詢一個或多個臺灣癌藥事前審查Profile（s）</p><p>安全性：<br/>(1)有關要求和建議，請參閱<a href="security.html">安全性</a>。</p></div></div></div><h3 id="resourcesCap1">Resources或Profiles的RESTful功能</h3><h4 id="resourcesSummary1">Summary</h4><p>共有十八類Resources支援查詢，查詢參數如表列：</p><div class="table-responsive"><table class="table table-condensed table-hover"><thead><tr><th><b>Resource型別</b></th><th><b>Profile</b></th><th>Create</th><th>Read</th><th>VRead</th><th>Delete</th><th>Update</th><th><b>支援的查詢參數</b></th></tr></thead><tbody><tr><td><a href="#Bundle1-1">Bundle</a></td><td><a href="StructureDefinition-Bundle-twpas.html">事前審查-Bundle TWPAS</a></td><td class="text-center">y</td><td class="text-center">y</td><td class="text-center">y</td><td class="text-center"/><td class="text-center">y</td><td/></tr><tr><td><a href="#Claim1-2">Claim</a></td><td><a href="StructureDefinition-Claim-twpas.html">事前審查-Claim TWPAS</a></td><td class="text-center">y</td><td class="text-center">y</td><td class="text-center">y</td><td class="text-center"/><td class="text-center">y</td><td>identifier, patient, func-type</td></tr><tr><td><a href="#ClaimResponse">ClaimResponse</a></td><td><a href="StructureDefinition-ClaimResponse-twpas.html">事前審查結果-ClaimResponse TWPAS</a></td><td class="text-center">y</td><td class="text-center">y</td><td class="text-center">y</td><td class="text-center"/><td class="text-center">y</td><td>adjudication-reason, request.patient.name, request.patient.identifier, request.identifier, request.func-type.service-type, created, disposition</td></tr><tr><td><a href="#Organization1-3">Organization</a></td><td>支援的Profiles<br/>   <a href="StructureDefinition-Organization-twpas.html">機構-Organization TWPAS</a><br/>   <a href="StructureDefinition-Organization-genetic-testing-twpas.html">基因檢測機構-Organization Genetic Testing TWPAS</a><br/>   <a href="https://twcore.mohw.gov.tw/ig/twcore/0.3.2/StructureDefinition-Organization-govt-twcore.html">TW Core Organization Government</a></td><td class="text-center">y</td><td class="text-center">y</td><td class="text-center">y</td><td class="text-center"/><td class="text-center">y</td><td/></tr><tr><td><a href="#Encounter1-4">Encounter</a></td><td><a href="StructureDefinition-Encounter-twpas.html">就醫科別-Encounter TWPAS</a></td><td class="text-center">y</td><td class="text-center">y</td><td class="text-center">y</td><td class="text-center"/><td class="text-center">y</td><td>service-type</td></tr><tr><td><a href="#Patient1-5">Patient</a></td><td><a href="StructureDefinition-Patient-twpas.html">病人資訊-Patient TWPAS</a></td><td class="text-center">y</td><td class="text-center">y</td><td class="text-center">y</td><td class="text-center"/><td class="text-center">y</td><td>name, identifier</td></tr><tr><td><a href="#Practitioner1-6">Practitioner</a></td><td><a href="StructureDefinition-Practitioner-twpas.html">醫事人員-Practitioner TWPAS</a></td><td class="text-center">y</td><td class="text-center">y</td><td class="text-center">y</td><td class="text-center"/><td class="text-center">y</td><td/></tr><tr><td><a href="#ImagingStudy1-7">ImagingStudy</a></td><td><a href="StructureDefinition-ImagingStudy-twpas.html">DICOM影像-ImagingStudy TWPAS</a></td><td class="text-center">y</td><td class="text-center">y</td><td class="text-center">y</td><td class="text-center"/><td class="text-center">y</td><td/></tr><tr><td><a href="#Media1-8">Media</a></td><td><a href="StructureDefinition-Media-twpas.html">非DICOM影像-Media TWPAS</a></td><td class="text-center">y</td><td class="text-center">y</td><td class="text-center">y</td><td class="text-center"/><td class="text-center">y</td><td/></tr><tr><td><a href="#DiagnosticReport1-9">DiagnosticReport</a></td><td>支援的Profiles<br/>   <a href="StructureDefinition-DiagnosticReport-image-twpas.html">影像報告-DiagnosticReport Image TWPAS</a> (疾病資訊)<br/>   <a href="StructureDefinition-DiagnosticReport-twpas.html">檢查報告-DiagnosticReport TWPAS</a> (疾病資訊)</td><td class="text-center">y</td><td class="text-center">y</td><td class="text-center">y</td><td class="text-center"/><td class="text-center">y</td><td/></tr><tr><td><a href="#Observation1-10">Observation</a></td><td>支援的Profiles<br/>   <a href="StructureDefinition-Observation-cancer-stage-twpas.html">癌症分期量表-Observation Cancer Stage TWPAS</a> (疾病資訊)<br/>   <a href="StructureDefinition-Observation-diagnostic-twpas.html">基因資訊-Observation Diagnostic TWPAS</a><br/>   <a href="StructureDefinition-Observation-laboratory-result-twpas.html">檢驗檢查-Observation Laboratory Result TWPAS</a> (評估資訊)<br/>   <a href="StructureDefinition-Observation-pat-assessment-twpas.html">病人狀態評估-Observation Patient Assessment TWPAS</a> (評估資訊)<br/>   <a href="StructureDefinition-Observation-tx-assessment-twpas.html">治療後疾病狀態評估-Observation Treatment Assessment TWPAS</a> (結果資訊)</td><td class="text-center">y</td><td class="text-center">y</td><td class="text-center">y</td><td class="text-center"/><td class="text-center">y</td><td/></tr><tr><td><a href="#MedicationRequest1-11">MedicationRequest</a></td><td>支援的Profiles<br/>   <a href="StructureDefinition-MedicationRequest-treat-twpas.html">用藥品項-MedicationRequest Treat TWPAS</a> (治療資訊)<br/>   <a href="StructureDefinition-MedicationRequest-apply-twpas.html">事前審查品項-MedicationRequest Apply TWPAS</a> (申請項目)</td><td class="text-center">y</td><td class="text-center">y</td><td class="text-center">y</td><td class="text-center"/><td class="text-center">y</td><td/></tr><tr><td><a href="#Procedure1-12">Procedure</a></td><td><a href="StructureDefinition-Procedure-twpas.html">放射治療-Procedure TWPAS</a></td><td class="text-center">y</td><td class="text-center">y</td><td class="text-center">y</td><td class="text-center"/><td class="text-center">y</td><td/></tr><tr><td><a href="#Substance1-13">Substance</a></td><td><a href="StructureDefinition-Substance-twpas.html">放射治療總劑量-Substance TWPAS</a></td><td class="text-center">y</td><td class="text-center">y</td><td class="text-center">y</td><td class="text-center"/><td class="text-center">y</td><td/></tr><tr><td><a href="#Specimen1-14">Specimen</a></td><td><a href="StructureDefinition-Specimen-twpas.html">基因檢測檢體-Specimen TWPAS</a></td><td class="text-center">y</td><td class="text-center">y</td><td class="text-center">y</td><td class="text-center"/><td class="text-center">y</td><td/></tr><tr><td><a href="#DocumentReference1-15">DocumentReference</a></td><td><a href="StructureDefinition-DocumentReference-twpas.html">文件參照-DocumentReference</a></td><td class="text-center">y</td><td class="text-center">y</td><td class="text-center">y</td><td class="text-center"/><td class="text-center">y</td><td/></tr><tr><td><a href="#Coverage1-16">Coverage</a></td><td><a href="StructureDefinition-Coverage-twpas.html">健保事前審查計畫-Coverage</a></td><td class="text-center">y</td><td class="text-center">y</td><td class="text-center">y</td><td class="text-center"/><td class="text-center">y</td><td/></tr><tr><td><a href="#Operationoutcome1-18">OperationOutcome</a></td><td><a href="StructureDefinition-Operationoutcome-twpas.html">系統回應訊息-OperationOutcome TWPAS</a></td><td class="text-center">y</td><td class="text-center">y</td><td class="text-center">y</td><td class="text-center"/><td class="text-center">y</td><td/></tr></tbody></table></div><hr/><div class="panel panel-default"><div class="panel-heading"><h4 id="Bundle1-1" class="panel-title"><span style="float: right;">預期的遵從度： 必須（SHALL）</span>Bundle</h4></div><div class="panel-body"><div class="container"><div class="row"><div class="col-lg-7"><span class="lead">Profile</span><br/><a href="StructureDefinition-Bundle-twpas.html">事前審查-Bundle TWPAS</a></div><div class="col-lg-5"><span class="lead">支援的參照政策（Reference policy）</span><br/><code>resolves</code></div></div><p/><div class="row"><div class="col-lg-6"><span class="lead">能力摘要</span><br/><ul><li><strong>必須（SHALL）</strong>支援 <code>create</code>, <code>read</code>, <code>vread</code>, <code>delete</code>.</li></ul></div></div><p/></div></div></div><div class="panel panel-default"><div class="panel-heading"><h4 id="Claim1-2" class="panel-title"><span style="float: right;">預期的遵從度： 必須（SHALL）</span>Claim</h4></div><div class="panel-body"><div class="container"><div class="row"><div class="col-lg-7"><span class="lead">Profile</span><br/><a href="StructureDefinition-Claim-twpas.html">事前審查-Claim TWPAS</a></div><div class="col-lg-5"><span class="lead">支援的參照政策（Reference policy）</span><br/><code>resolves</code></div></div><p/><div class="row"><div class="col-lg-6"><span class="lead">能力摘要</span><br/><ul><li><strong>必須（SHALL）</strong>支援 <code>create</code>, <code>read</code>, <code>vread</code>, <code>delete</code>.</li></ul></div></div><p/><div class="row"><div class="col-lg-7"><span class="lead">Search Parameters</span><table class="table table-condensed table-hover"><thead><tr><th>遵從度</th><th>參數</th><th>類型</th><th>範例</th></tr></thead><tbody><tr><td><b>必須（SHALL）</b></td><td><a href="SearchParameter-Claim-identifier.html">identifier</a></td><td><code>token</code></td><td><code>GET [base]/Claim?identifier=[code]</code><br/><p>實作請參考<a href="searchparameters.html#以查詢欄位分類">查詢參數</a></p></td></tr><tr><td><b>必須（SHALL）</b></td><td><a href="SearchParameter-Claim-patient.html">patient</a></td><td><code>token</code></td><td><code>GET [base]/Claim?patient={Type/}[id]</code><br/><p>實作請參考<a href="searchparameters.html#以查詢欄位分類">查詢參數</a></p></td></tr><tr><td><b>必須（SHALL）</b></td><td><a href="SearchParameter-Claim-func-type.html">func-type</a></td><td><code>reference</code></td><td><code>GET [base]/Claim?func-type={system|}[code]</code><br/><p>實作請參考<a href="searchparameters.html#以查詢欄位分類">查詢參數</a></p></td></tr></tbody></table></div><div class="col-lg-5"> </div></div></div></div></div><div class="panel panel-default"><div class="panel-heading"><h4 id="ClaimResponse" class="panel-title"><span style="float: right;">預期的遵從度： 必須（SHALL）</span>ClaimResponse</h4></div><div class="panel-body"><div class="container"><div class="row"><div class="col-lg-3"><span class="lead">Core FHIR Resource</span><br/><a href="https://hl7.org/fhir/R4/claimresponse.html">ClaimResponse</a></div><div class="col-lg-4"><span class="lead">支援的參照政策（Reference policy）</span><br/><code>resolves</code></div><div class="col-lg-5"><span class="lead">能力摘要</span><br/><ul><li><strong>必須（SHALL）</strong>支援 <code>create</code>, <code>read</code>, <code>vread</code>, <code>delete</code>.</li></ul></div></div><p/><div class="row"><div class="col-6"><span class="lead">支援的Profiles</span><p><a href="StructureDefinition-ClaimResponse-self-assessment-twpas.html">自主審查報備-ClaimResponse Self Assessment TWPAS</a><br/><a href="StructureDefinition-ClaimResponse-twpas.html">事前審查結果-ClaimResponse TWPAS</a></p></div></div><p/><div class="row"><div class="col-lg-12"><span class="lead">Search Parameters</span><table class="table table-condensed table-hover"><thead><tr><th>遵從度</th><th>參數</th><th>類型</th><th>範例</th></tr></thead><tbody><tr><td><b>必須（SHALL）</b></td><td><a href="SearchParameter-ClaimResponse-adjudication-reason.html">adjudication-reason</a></td><td><code>token</code></td><td><code>GET [base]/ClaimResponse?adjudication-reason=[code]</code><br/><p>實作請參考<a href="searchparameters.html#以查詢欄位分類">查詢參數</a></p></td></tr><tr><td><b>必須（SHALL）</b></td><td><a href="SearchParameter-ClaimResponse-request.html">request</a>.<a href="SearchParameter-Claim-patient.html">patient</a>.<a href="SearchParameter-Patient-name.html">name</a></td><td><code>reference, string</code></td><td><code>GET [base]/ClaimResponse?request.patient.name=[string]</code><br/><p>實作請參考<a href="searchparameters.html#以查詢欄位分類">查詢參數</a></p></td></tr><tr><td><b>必須（SHALL）</b></td><td><a href="SearchParameter-ClaimResponse-request.html">request</a>.<a href="SearchParameter-Claim-patient.html">patient</a>.<a href="SearchParameter-Patient-identifier.html">identifier</a></td><td><code>reference, token</code></td><td><code>GET [base]/ClaimResponse?request.patient.identifier=[code]</code><br/><p>實作請參考<a href="searchparameters.html#以查詢欄位分類">查詢參數</a></p></td></tr><tr><td><b>必須（SHALL）</b></td><td><a href="SearchParameter-ClaimResponse-request.html">request</a>.<a href="SearchParameter-Claim-identifier.html">identifier</a></td><td><code>reference, token</code></td><td><code>GET [base]/ClaimResponse?request.identifier=[code]</code><br/><p>實作請參考<a href="searchparameters.html#以查詢欄位分類">查詢參數</a></p></td></tr><tr><td><b>必須（SHALL）</b></td><td><a href="SearchParameter-ClaimResponse-request.html">request</a>.<a href="SearchParameter-Claim-func-type.html">func-type</a></td><td><code>reference, token</code></td><td><code>GET [base]/ClaimResponse?request.func-type={system|}[code]</code><br/><p>實作請參考<a href="searchparameters.html#以查詢欄位分類">查詢參數</a></p></td></tr><tr><td><b>必須（SHALL）</b></td><td><a href="SearchParameter-ClaimResponse-created.html">created</a> + <a href="SearchParameter-ClaimResponse-disposition.html">disposition</a></td><td><code>date, string</code></td><td><code>GET [base]/ClaimResponse?created={gt|lt|ge|le}[date]{&amp;created={gt|lt|ge|le}[date]}&amp;disposition=[已受理|審畢結果]</code><br/><p>實作請參考<a href="searchparameters.html#以查詢欄位分類">查詢參數</a></p></td></tr></tbody></table></div><div class="col-lg-5"> </div></div></div></div></div><div class="panel panel-default"><div class="panel-heading"><h4 id="Organization1-3" class="panel-title"><span style="float: right;">預期的遵從度： 必須（SHALL）</span>Organization</h4></div><div class="panel-body"><div class="container"><div class="row"><div class="col-lg-3"><span class="lead">Core FHIR Resource</span><br/><a href="http://hl7.org/fhir/R4/organization.html">Organization</a></div><div class="col-lg-4"><span class="lead">支援的參照政策（Reference policy）</span><br/><code>resolves</code></div><div class="col-lg-5"><span class="lead">能力摘要</span><br/><ul><li><strong>必須（SHALL）</strong>支援 <code>create</code>, <code>read</code>, <code>vread</code>, <code>delete</code>.</li></ul></div></div><p/><div class="row"><div class="col-6"><span class="lead">支援的Profiles</span><p><a href="StructureDefinition-Organization-twpas.html">機構-Organization TWPAS</a><br/><a href="StructureDefinition-Organization-genetic-testing-twpas.html">基因檢測機構-Organization Genetic Testing TWPAS</a><br/><a href="https://twcore.mohw.gov.tw/ig/twcore/0.3.2/StructureDefinition-Organization-govt-twcore.html">TW Core Organization Government</a></p></div></div><p/></div></div></div><div class="panel panel-default"><div class="panel-heading"><h4 id="Encounter1-4" class="panel-title"><span style="float: right;">預期的遵從度： 必須（SHALL）</span>Encounter</h4></div><div class="panel-body"><div class="container"><div class="row"><div class="col-lg-7"><span class="lead">Profile</span><br/><a href="StructureDefinition-Encounter-twpas.html">就醫科別-Encounter TWPAS</a></div><div class="col-lg-5"><span class="lead">支援的參照政策（Reference policy）</span><br/><code>resolves</code></div></div><p/><div class="row"><div class="col-lg-6"><span class="lead">能力摘要</span><br/><ul><li><strong>必須（SHALL）</strong>支援 <code>create</code>, <code>read</code>, <code>vread</code>, <code>delete</code>.</li></ul></div></div><p/><div class="row"><div class="col-lg-7"><span class="lead">Search Parameters</span><table class="table table-condensed table-hover"><thead><tr><th>遵從度</th><th>參數</th><th>類型</th><th>範例</th></tr></thead><tbody><tr><td><b>必須（SHALL）</b></td><td><a href="SearchParameter-Encounter-service-type.html">service-type</a></td><td><code>token</code></td><td><code>GET [base]/Encounter?service-type={system|}[code]</code><br/><p>實作請參考<a href="searchparameters.html#以查詢欄位分類">查詢參數</a></p></td></tr></tbody></table></div><div class="col-lg-5"> </div></div></div></div></div><div class="panel panel-default"><div class="panel-heading"><h4 id="Patient1-5" class="panel-title"><span style="float: right;">預期的遵從度： 必須（SHALL）</span>Patient</h4></div><div class="panel-body"><div class="container"><div class="row"><div class="col-lg-7"><span class="lead">Profile</span><br/><a href="StructureDefinition-Patient-twpas.html">病人資訊-Patient TWPAS</a></div><div class="col-lg-5"><span class="lead">支援的參照政策（Reference policy）</span><br/><code>resolves</code></div></div><p/><div class="row"><div class="col-lg-6"><span class="lead">能力摘要</span><br/><ul><li><strong>必須（SHALL）</strong>支援 <code>create</code>, <code>read</code>, <code>vread</code>, <code>delete</code>.</li></ul></div></div><p/><div class="row"><div class="col-lg-7"><span class="lead">Search Parameters</span><table class="table table-condensed table-hover"><thead><tr><th>遵從度</th><th>參數</th><th>類型</th><th>範例</th></tr></thead><tbody><tr><td><b>必須（SHALL）</b></td><td><a href="SearchParameter-Patient-name.html">name</a></td><td><code>string</code></td><td><code>GET [base]/Patient?name=[string]</code><br/><p>實作請參考<a href="searchparameters.html#以查詢欄位分類">查詢參數</a></p></td></tr><tr><td><b>必須（SHALL）</b></td><td><a href="SearchParameter-Patient-identifier.html">identifier</a></td><td><code>token</code></td><td><code>GET [base]/Patient?identifier=[code]</code><br/><p>實作請參考<a href="searchparameters.html#以查詢欄位分類">查詢參數</a></p></td></tr></tbody></table></div><div class="col-lg-5"> </div></div></div></div></div><div class="panel panel-default"><div class="panel-heading"><h4 id="Practitioner1-6" class="panel-title"><span style="float: right;">預期的遵從度： 必須（SHALL）</span>Practitioner</h4></div><div class="panel-body"><div class="container"><div class="row"><div class="col-lg-7"><span class="lead">Profile</span><br/><a href="StructureDefinition-Practitioner-twpas.html">醫事人員-Practitioner TWPAS</a></div><div class="col-lg-5"><span class="lead">支援的參照政策（Reference policy）</span><br/><code>resolves</code></div></div><p/><div class="row"><div class="col-lg-6"><span class="lead">能力摘要</span><br/><ul><li><strong>必須（SHALL）</strong>支援 <code>create</code>, <code>read</code>, <code>vread</code>, <code>delete</code>.</li></ul></div></div><p/></div></div></div><div class="panel panel-default"><div class="panel-heading"><h4 id="ImagingStudy1-7" class="panel-title"><span style="float: right;">預期的遵從度： 必須（SHALL）</span>ImagingStudy</h4></div><div class="panel-body"><div class="container"><div class="row"><div class="col-lg-7"><span class="lead">Profile</span><br/><a href="StructureDefinition-ImagingStudy-twpas.html">DICOM影像-ImagingStudy TWPAS</a></div><div class="col-lg-5"><span class="lead">支援的參照政策（Reference policy）</span><br/><code>resolves</code></div></div><p/><div class="row"><div class="col-lg-6"><span class="lead">能力摘要</span><br/><ul><li><strong>必須（SHALL）</strong>支援 <code>create</code>, <code>read</code>, <code>vread</code>, <code>delete</code>.</li></ul></div></div><p/></div></div></div><div class="panel panel-default"><div class="panel-heading"><h4 id="Media1-8" class="panel-title"><span style="float: right;">預期的遵從度： 必須（SHALL）</span>Media</h4></div><div class="panel-body"><div class="container"><div class="row"><div class="col-lg-7"><span class="lead">Profile</span><br/><a href="StructureDefinition-Media-twpas.html">非DICOM影像-Media TWPAS</a></div><div class="col-lg-5"><span class="lead">支援的參照政策（Reference policy）</span><br/><code>resolves</code></div></div><p/><div class="row"><div class="col-lg-6"><span class="lead">能力摘要</span><br/><ul><li><strong>必須（SHALL）</strong>支援 <code>create</code>, <code>read</code>, <code>vread</code>, <code>delete</code>.</li></ul></div></div><p/></div></div></div><div class="panel panel-default"><div class="panel-heading"><h4 id="DiagnosticReport1-9" class="panel-title"><span style="float: right;">預期的遵從度： 必須（SHALL）</span>DiagnosticReport</h4></div><div class="panel-body"><div class="container"><div class="row"><div class="col-lg-3"><span class="lead">Core FHIR Resource</span><br/><a href="http://hl7.org/fhir/R4/diagnosticreport.html">DiagnosticReport</a></div><div class="col-lg-4"><span class="lead">支援的參照政策（Reference policy）</span><br/><code>resolves</code></div><div class="col-lg-5"><span class="lead">能力摘要</span><br/><ul><li><strong>必須（SHALL）</strong>支援 <code>create</code>, <code>read</code>, <code>vread</code>, <code>delete</code>.</li></ul></div></div><p/><div class="row"><div class="col-6"><span class="lead">支援的Profiles</span><p><a href="StructureDefinition-DiagnosticReport-image-twpas.html">影像報告-DiagnosticReport Image TWPAS</a><br/><a href="StructureDefinition-DiagnosticReport-twpas.html">檢查報告-DiagnosticReport TWPAS</a></p></div></div><p/></div></div></div><div class="panel panel-default"><div class="panel-heading"><h4 id="Observation1-10" class="panel-title"><span style="float: right;">預期的遵從度： 必須（SHALL）</span>Observation</h4></div><div class="panel-body"><div class="container"><div class="row"><div class="col-lg-3"><span class="lead">Core FHIR Resource</span><br/><a href="http://hl7.org/fhir/R4/observation.html">Observation</a></div><div class="col-lg-4"><span class="lead">支援的參照政策（Reference policy）</span><br/><code>resolves</code></div><div class="col-lg-5"><span class="lead">能力摘要</span><br/><ul><li><strong>必須（SHALL）</strong>支援 <code>create</code>, <code>read</code>, <code>vread</code>, <code>delete</code>.</li></ul></div></div><p/><div class="row"><div class="col-6"><span class="lead">支援的Profiles</span><p><a href="StructureDefinition-Observation-cancer-stage-twpas.html">癌症分期量表-Observation Cancer Stage TWPAS</a><br/><a href="StructureDefinition-Observation-diagnostic-twpas.html">基因資訊-Observation Diagnostic TWPAS</a><br/><a href="StructureDefinition-Observation-laboratory-result-twpas.html">檢驗檢查-Observation Laboratory Result TWPAS</a><br/><a href="StructureDefinition-Observation-pat-assessment-twpas.html">病人狀態評估-Observation Patient Assessment TWPAS</a><br/><a href="StructureDefinition-Observation-tx-assessment-twpas.html">治療後疾病狀態評估-Observation Treatment Assessment TWPAS</a></p></div></div><p/></div></div></div><div class="panel panel-default"><div class="panel-heading"><h4 id="MedicationRequest1-11" class="panel-title"><span style="float: right;">預期的遵從度： 必須（SHALL）</span>MedicationRequest</h4></div><div class="panel-body"><div class="container"><div class="row"><div class="col-lg-3"><span class="lead">Core FHIR Resource</span><br/><a href="http://hl7.org/fhir/R4/medicationrequest.html">MedicationRequest</a></div><div class="col-lg-4"><span class="lead">支援的參照政策（Reference policy）</span><br/><code>resolves</code></div><div class="col-lg-5"><span class="lead">能力摘要</span><br/><ul><li><strong>必須（SHALL）</strong>支援 <code>create</code>, <code>read</code>, <code>vread</code>, <code>delete</code>.</li></ul></div></div><p/><div class="row"><div class="col-6"><span class="lead">支援的Profiles</span><p><a href="StructureDefinition-MedicationRequest-treat-twpas.html">用藥品項-MedicationRequest Treat TWPAS</a><br/><a href="StructureDefinition-MedicationRequest-apply-twpas.html">事前審查品項-MedicationRequest Apply TWPAS</a></p></div></div><p/></div></div></div><div class="panel panel-default"><div class="panel-heading"><h4 id="Procedure1-12" class="panel-title"><span style="float: right;">預期的遵從度： 必須（SHALL）</span>Procedure</h4></div><div class="panel-body"><div class="container"><div class="row"><div class="col-lg-7"><span class="lead">Profile</span><br/><a href="StructureDefinition-Procedure-twpas.html">放射治療-Procedure TWPAS</a></div><div class="col-lg-5"><span class="lead">支援的參照政策（Reference policy）</span><br/><code>resolves</code></div></div><p/><div class="row"><div class="col-lg-6"><span class="lead">能力摘要</span><br/><ul><li><strong>必須（SHALL）</strong>支援 <code>create</code>, <code>read</code>, <code>vread</code>, <code>delete</code>.</li></ul></div></div><p/></div></div></div><div class="panel panel-default"><div class="panel-heading"><h4 id="Substance1-13" class="panel-title"><span style="float: right;">預期的遵從度： 必須（SHALL）</span>Substance</h4></div><div class="panel-body"><div class="container"><div class="row"><div class="col-lg-7"><span class="lead">Profile</span><br/><a href="StructureDefinition-Substance-twpas.html">放射治療總劑量-Substance TWPAS</a></div><div class="col-lg-5"><span class="lead">支援的參照政策（Reference policy）</span><br/><code>resolves</code></div></div><p/><div class="row"><div class="col-lg-6"><span class="lead">能力摘要</span><br/><ul><li><strong>必須（SHALL）</strong>支援 <code>create</code>, <code>read</code>, <code>vread</code>, <code>delete</code>.</li></ul></div></div><p/></div></div></div><div class="panel panel-default"><div class="panel-heading"><h4 id="Specimen1-14" class="panel-title"><span style="float: right;">預期的遵從度： 必須（SHALL）</span>Specimen</h4></div><div class="panel-body"><div class="container"><div class="row"><div class="col-lg-7"><span class="lead">Profile</span><br/><a href="StructureDefinition-Specimen-twpas.html">基因檢測檢體-Specimen TWPAS</a></div><div class="col-lg-5"><span class="lead">支援的參照政策（Reference policy）</span><br/><code>resolves</code></div></div><p/><div class="row"><div class="col-lg-6"><span class="lead">能力摘要</span><br/><ul><li><strong>必須（SHALL）</strong>支援 <code>create</code>, <code>read</code>, <code>vread</code>, <code>delete</code>.</li></ul></div></div><p/></div></div></div><div class="panel panel-default"><div class="panel-heading"><h4 id="DocumentReference1-15" class="panel-title"><span style="float: right;">預期的遵從度： 必須（SHALL）</span>DocumentReference</h4></div><div class="panel-body"><div class="container"><div class="row"><div class="col-lg-7"><span class="lead">Profile</span><br/><a href="StructureDefinition-DocumentReference-twpas.html">文件參照-DocumentReference TWPAS</a></div><div class="col-lg-5"><span class="lead">支援的參照政策（Reference policy）</span><br/><code>resolves</code></div></div><p/><div class="row"><div class="col-lg-6"><span class="lead">能力摘要</span><br/><ul><li><strong>必須（SHALL）</strong>支援 <code>create</code>, <code>read</code>, <code>vread</code>, <code>delete</code>.</li></ul></div></div><p/></div></div></div><div class="panel panel-default"><div class="panel-heading"><h4 id="Coverage1-16" class="panel-title"><span style="float: right;">預期的遵從度： 必須（SHALL）</span>Coverage</h4></div><div class="panel-body"><div class="container"><div class="row"><div class="col-lg-7"><span class="lead">Profile</span><br/><a href="StructureDefinition-Coverage-twpas.html">健保事前審查計畫-Coverage TWPAS</a></div><div class="col-lg-5"><span class="lead">支援的參照政策（Reference policy）</span><br/><code>resolves</code></div></div><p/><div class="row"><div class="col-lg-6"><span class="lead">能力摘要</span><br/><ul><li><strong>必須（SHALL）</strong>支援 <code>create</code>, <code>read</code>, <code>vread</code>, <code>delete</code>.</li></ul></div></div><p/></div></div></div><div class="panel panel-default"><div class="panel-heading"><h4 id="Operationoutcome1-18" class="panel-title"><span style="float: right;">預期的遵從度： 必須（SHALL）</span>Operationoutcome</h4></div><div class="panel-body"><div class="container"><div class="row"><div class="col-lg-7"><span class="lead">Profile</span><br/><a href="StructureDefinition-Operationoutcome-twpas.html">系統回應訊息-OperationOutcome TWPAS</a></div><div class="col-lg-5"><span class="lead">支援的參照政策（Reference policy）</span><br/><code>resolves</code></div></div><p/><div class="row"><div class="col-lg-6"><span class="lead">能力摘要</span><br/><ul><li><strong>必須（SHALL）</strong>支援 <code>create</code>, <code>read</code>, <code>vread</code>, <code>delete</code>.</li></ul></div></div><p/></div></div></div></div></text><url value="https://nhicore.nhi.gov.tw/pas/CapabilityStatement/CapabilityStatementTWPASClient"/><version value="1.0.6"/><name value="CapabilityStatementTWPASClient"/><title value="臺灣癌藥事前審查-用戶端(TWPAS Client)"/><status value="active"/><experimental value="false"/><date value="2025-07-01"/><publisher value="衛生福利部中央健康保險署"/><contact><name value="衛生福利部中央健康保險署"/><telecom><system value="url"/><value value="https://www.nhi.gov.tw"/></telecom></contact><description value="臺灣健保癌症用藥事前審查實作指引(TWPAS IG)用戶端(Client)之能力聲明"/><kind value="requirements"/><fhirVersion value="4.0.1"/><format value="application/fhir+json"/><format value="application/fhir+xml"/><patchFormat value="application/json-patch+json"/><implementationGuide value="https://nhicore.nhi.gov.tw/pas/ImplementationGuide/tw.gov.mohw.nhi.pas"/><rest><mode value="client"/><documentation value="臺灣癌藥事前審查-用戶端(TWPAS Client)必須（SHALL）使用臺灣癌藥事前審查伺服端（TWPAS Server）能力聲明中的查詢參數，支援讀取和查詢一個或多個臺灣癌藥事前審查Profile(s)。"/><security><description value="有關要求和建議，請參閱[安全性](security.html)。"/></security><resource><type value="Bundle"/><supportedProfile value="https://nhicore.nhi.gov.tw/pas/StructureDefinition/Bundle-twpas"/><supportedProfile value="https://nhicore.nhi.gov.tw/pas/StructureDefinition/Bundle-response-twpas"/><interaction><extension url="http://hl7.org/fhir/StructureDefinition/capabilitystatement-expectation"><valueCode value="SHALL"/></extension><code value="create"/></interaction><interaction><extension url="http://hl7.org/fhir/StructureDefinition/capabilitystatement-expectation"><valueCode value="SHALL"/></extension><code value="read"/></interaction><interaction><extension url="http://hl7.org/fhir/StructureDefinition/capabilitystatement-expectation"><valueCode value="SHALL"/></extension><code value="vread"/></interaction><interaction><extension url="http://hl7.org/fhir/StructureDefinition/capabilitystatement-expectation"><valueCode value="SHALL"/></extension><code value="delete"/></interaction><referencePolicy value="resolves"/></resource><resource><type value="Claim"/><profile value="https://nhicore.nhi.gov.tw/pas/StructureDefinition/Claim-twpas"/><interaction><extension url="http://hl7.org/fhir/StructureDefinition/capabilitystatement-expectation"><valueCode value="SHALL"/></extension><code value="create"/></interaction><interaction><extension url="http://hl7.org/fhir/StructureDefinition/capabilitystatement-expectation"><valueCode value="SHALL"/></extension><code value="read"/></interaction><interaction><extension url="http://hl7.org/fhir/StructureDefinition/capabilitystatement-expectation"><valueCode value="SHALL"/></extension><code value="vread"/></interaction><interaction><extension url="http://hl7.org/fhir/StructureDefinition/capabilitystatement-expectation"><valueCode value="SHALL"/></extension><code value="delete"/></interaction><referencePolicy value="resolves"/><searchParam><extension url="http://hl7.org/fhir/StructureDefinition/capabilitystatement-expectation"><valueCode value="SHALL"/></extension><name value="identifier"/><definition value="https://nhicore.nhi.gov.tw/pas/SearchParameter/Claim-identifier"/><type value="token"/></searchParam><searchParam><extension url="http://hl7.org/fhir/StructureDefinition/capabilitystatement-expectation"><valueCode value="SHALL"/></extension><name value="patient"/><definition value="https://nhicore.nhi.gov.tw/pas/SearchParameter/Claim-patient"/><type value="reference"/></searchParam><searchParam><extension url="http://hl7.org/fhir/StructureDefinition/capabilitystatement-expectation"><valueCode value="SHALL"/></extension><name value="func-type"/><definition value="https://nhicore.nhi.gov.tw/pas/SearchParameter/Claim-func-type"/><type value="reference"/></searchParam></resource><resource><type value="ClaimResponse"/><supportedProfile value="https://nhicore.nhi.gov.tw/pas/StructureDefinition/ClaimResponse-self-assessment-twpas"/><supportedProfile value="https://nhicore.nhi.gov.tw/pas/StructureDefinition/ClaimResponse-twpas"/><interaction><extension url="http://hl7.org/fhir/StructureDefinition/capabilitystatement-expectation"><valueCode value="SHALL"/></extension><code value="create"/></interaction><interaction><extension url="http://hl7.org/fhir/StructureDefinition/capabilitystatement-expectation"><valueCode value="SHALL"/></extension><code value="read"/></interaction><interaction><extension url="http://hl7.org/fhir/StructureDefinition/capabilitystatement-expectation"><valueCode value="SHALL"/></extension><code value="vread"/></interaction><interaction><extension url="http://hl7.org/fhir/StructureDefinition/capabilitystatement-expectation"><valueCode value="SHALL"/></extension><code value="delete"/></interaction><referencePolicy value="resolves"/><searchParam><extension url="http://hl7.org/fhir/StructureDefinition/capabilitystatement-expectation"><valueCode value="SHALL"/></extension><name value="request"/><definition value="https://nhicore.nhi.gov.tw/pas/SearchParameter/ClaimResponse-request"/><type value="reference"/></searchParam><searchParam><extension url="http://hl7.org/fhir/StructureDefinition/capabilitystatement-expectation"><valueCode value="SHALL"/></extension><name value="created"/><definition value="https://nhicore.nhi.gov.tw/pas/SearchParameter/ClaimResponse-created"/><type value="date"/></searchParam><searchParam><extension url="http://hl7.org/fhir/StructureDefinition/capabilitystatement-expectation"><valueCode value="SHALL"/></extension><name value="disposition"/><definition value="https://nhicore.nhi.gov.tw/pas/SearchParameter/ClaimResponse-disposition"/><type value="string"/></searchParam><searchParam><extension url="http://hl7.org/fhir/StructureDefinition/capabilitystatement-expectation"><valueCode value="SHALL"/></extension><name value="adjudication-reason"/><definition value="https://nhicore.nhi.gov.tw/pas/SearchParameter/ClaimResponse-adjudication-reason"/><type value="string"/></searchParam></resource><resource><type value="Organization"/><supportedProfile value="https://nhicore.nhi.gov.tw/pas/StructureDefinition/Organization-twpas"/><supportedProfile value="https://nhicore.nhi.gov.tw/pas/StructureDefinition/Organization-genetic-testing-twpas"/><supportedProfile value="https://twcore.mohw.gov.tw/ig/twcore/StructureDefinition/Organization-govt-twcore"/><interaction><extension url="http://hl7.org/fhir/StructureDefinition/capabilitystatement-expectation"><valueCode value="SHALL"/></extension><code value="create"/></interaction><interaction><extension url="http://hl7.org/fhir/StructureDefinition/capabilitystatement-expectation"><valueCode value="SHALL"/></extension><code value="read"/></interaction><interaction><extension url="http://hl7.org/fhir/StructureDefinition/capabilitystatement-expectation"><valueCode value="SHALL"/></extension><code value="vread"/></interaction><interaction><extension url="http://hl7.org/fhir/StructureDefinition/capabilitystatement-expectation"><valueCode value="SHALL"/></extension><code value="delete"/></interaction><referencePolicy value="resolves"/></resource><resource><type value="Encounter"/><profile value="https://nhicore.nhi.gov.tw/pas/StructureDefinition/Encounter-twpas"/><interaction><extension url="http://hl7.org/fhir/StructureDefinition/capabilitystatement-expectation"><valueCode value="SHALL"/></extension><code value="create"/></interaction><interaction><extension url="http://hl7.org/fhir/StructureDefinition/capabilitystatement-expectation"><valueCode value="SHALL"/></extension><code value="read"/></interaction><interaction><extension url="http://hl7.org/fhir/StructureDefinition/capabilitystatement-expectation"><valueCode value="SHALL"/></extension><code value="vread"/></interaction><interaction><extension url="http://hl7.org/fhir/StructureDefinition/capabilitystatement-expectation"><valueCode value="SHALL"/></extension><code value="delete"/></interaction><referencePolicy value="resolves"/><searchParam><extension url="http://hl7.org/fhir/StructureDefinition/capabilitystatement-expectation"><valueCode value="SHALL"/></extension><name value="service-type"/><definition value="https://nhicore.nhi.gov.tw/pas/SearchParameter/Encounter-service-type"/><type value="token"/></searchParam></resource><resource><type value="Patient"/><profile value="https://nhicore.nhi.gov.tw/pas/StructureDefinition/Patient-twpas"/><interaction><extension url="http://hl7.org/fhir/StructureDefinition/capabilitystatement-expectation"><valueCode value="SHALL"/></extension><code value="create"/></interaction><interaction><extension url="http://hl7.org/fhir/StructureDefinition/capabilitystatement-expectation"><valueCode value="SHALL"/></extension><code value="read"/></interaction><interaction><extension url="http://hl7.org/fhir/StructureDefinition/capabilitystatement-expectation"><valueCode value="SHALL"/></extension><code value="vread"/></interaction><interaction><extension url="http://hl7.org/fhir/StructureDefinition/capabilitystatement-expectation"><valueCode value="SHALL"/></extension><code value="delete"/></interaction><referencePolicy value="resolves"/><searchParam><extension url="http://hl7.org/fhir/StructureDefinition/capabilitystatement-expectation"><valueCode value="SHALL"/></extension><name value="name"/><definition value="https://nhicore.nhi.gov.tw/pas/SearchParameter/Patient-name"/><type value="string"/></searchParam><searchParam><extension url="http://hl7.org/fhir/StructureDefinition/capabilitystatement-expectation"><valueCode value="SHALL"/></extension><name value="identifier"/><definition value="https://nhicore.nhi.gov.tw/pas/SearchParameter/Patient-identifier"/><type value="token"/></searchParam></resource><resource><type value="Practitioner"/><profile value="https://nhicore.nhi.gov.tw/pas/StructureDefinition/Practitioner-twpas"/><interaction><extension url="http://hl7.org/fhir/StructureDefinition/capabilitystatement-expectation"><valueCode value="SHALL"/></extension><code value="create"/></interaction><interaction><extension url="http://hl7.org/fhir/StructureDefinition/capabilitystatement-expectation"><valueCode value="SHALL"/></extension><code value="read"/></interaction><interaction><extension url="http://hl7.org/fhir/StructureDefinition/capabilitystatement-expectation"><valueCode value="SHALL"/></extension><code value="vread"/></interaction><interaction><extension url="http://hl7.org/fhir/StructureDefinition/capabilitystatement-expectation"><valueCode value="SHALL"/></extension><code value="delete"/></interaction><referencePolicy value="resolves"/></resource><resource><type value="ImagingStudy"/><profile value="https://nhicore.nhi.gov.tw/pas/StructureDefinition/ImagingStudy-twpas"/><interaction><extension url="http://hl7.org/fhir/StructureDefinition/capabilitystatement-expectation"><valueCode value="SHALL"/></extension><code value="create"/></interaction><interaction><extension url="http://hl7.org/fhir/StructureDefinition/capabilitystatement-expectation"><valueCode value="SHALL"/></extension><code value="read"/></interaction><interaction><extension url="http://hl7.org/fhir/StructureDefinition/capabilitystatement-expectation"><valueCode value="SHALL"/></extension><code value="vread"/></interaction><interaction><extension url="http://hl7.org/fhir/StructureDefinition/capabilitystatement-expectation"><valueCode value="SHALL"/></extension><code value="delete"/></interaction><referencePolicy value="resolves"/></resource><resource><type value="Media"/><profile value="https://nhicore.nhi.gov.tw/pas/StructureDefinition/Media-twpas"/><interaction><extension url="http://hl7.org/fhir/StructureDefinition/capabilitystatement-expectation"><valueCode value="SHALL"/></extension><code value="create"/></interaction><interaction><extension url="http://hl7.org/fhir/StructureDefinition/capabilitystatement-expectation"><valueCode value="SHALL"/></extension><code value="read"/></interaction><interaction><extension url="http://hl7.org/fhir/StructureDefinition/capabilitystatement-expectation"><valueCode value="SHALL"/></extension><code value="vread"/></interaction><interaction><extension url="http://hl7.org/fhir/StructureDefinition/capabilitystatement-expectation"><valueCode value="SHALL"/></extension><code value="delete"/></interaction><referencePolicy value="resolves"/></resource><resource><type value="DiagnosticReport"/><supportedProfile value="https://nhicore.nhi.gov.tw/pas/StructureDefinition/DiagnosticReport-image-twpas"/><supportedProfile value="https://nhicore.nhi.gov.tw/pas/StructureDefinition/DiagnosticReport-twpas"/><interaction><extension url="http://hl7.org/fhir/StructureDefinition/capabilitystatement-expectation"><valueCode value="SHALL"/></extension><code value="create"/></interaction><interaction><extension url="http://hl7.org/fhir/StructureDefinition/capabilitystatement-expectation"><valueCode value="SHALL"/></extension><code value="read"/></interaction><interaction><extension url="http://hl7.org/fhir/StructureDefinition/capabilitystatement-expectation"><valueCode value="SHALL"/></extension><code value="vread"/></interaction><interaction><extension url="http://hl7.org/fhir/StructureDefinition/capabilitystatement-expectation"><valueCode value="SHALL"/></extension><code value="delete"/></interaction><referencePolicy value="resolves"/></resource><resource><type value="Observation"/><supportedProfile value="https://nhicore.nhi.gov.tw/pas/StructureDefinition/Observation-cancer-stage-twpas"/><supportedProfile value="https://nhicore.nhi.gov.tw/pas/StructureDefinition/Observation-diagnostic-twpas"/><supportedProfile value="https://nhicore.nhi.gov.tw/pas/StructureDefinition/Observation-laboratory-result-twpas"/><supportedProfile value="https://nhicore.nhi.gov.tw/pas/StructureDefinition/Observation-pat-assessment-twpas"/><supportedProfile value="https://nhicore.nhi.gov.tw/pas/StructureDefinition/Observation-tx-assessment-twpas"/><interaction><extension url="http://hl7.org/fhir/StructureDefinition/capabilitystatement-expectation"><valueCode value="SHALL"/></extension><code value="create"/></interaction><interaction><extension url="http://hl7.org/fhir/StructureDefinition/capabilitystatement-expectation"><valueCode value="SHALL"/></extension><code value="read"/></interaction><interaction><extension url="http://hl7.org/fhir/StructureDefinition/capabilitystatement-expectation"><valueCode value="SHALL"/></extension><code value="vread"/></interaction><interaction><extension url="http://hl7.org/fhir/StructureDefinition/capabilitystatement-expectation"><valueCode value="SHALL"/></extension><code value="delete"/></interaction><referencePolicy value="resolves"/></resource><resource><type value="MedicationRequest"/><supportedProfile value="https://nhicore.nhi.gov.tw/pas/StructureDefinition/MedicationRequest-treat-twpas"/><supportedProfile value="https://nhicore.nhi.gov.tw/pas/StructureDefinition/MedicationRequest-apply-twpas"/><interaction><extension url="http://hl7.org/fhir/StructureDefinition/capabilitystatement-expectation"><valueCode value="SHALL"/></extension><code value="create"/></interaction><interaction><extension url="http://hl7.org/fhir/StructureDefinition/capabilitystatement-expectation"><valueCode value="SHALL"/></extension><code value="read"/></interaction><interaction><extension url="http://hl7.org/fhir/StructureDefinition/capabilitystatement-expectation"><valueCode value="SHALL"/></extension><code value="vread"/></interaction><interaction><extension url="http://hl7.org/fhir/StructureDefinition/capabilitystatement-expectation"><valueCode value="SHALL"/></extension><code value="delete"/></interaction><referencePolicy value="resolves"/></resource><resource><type value="Procedure"/><profile value="https://nhicore.nhi.gov.tw/pas/StructureDefinition/Procedure-twpas"/><interaction><extension url="http://hl7.org/fhir/StructureDefinition/capabilitystatement-expectation"><valueCode value="SHALL"/></extension><code value="create"/></interaction><interaction><extension url="http://hl7.org/fhir/StructureDefinition/capabilitystatement-expectation"><valueCode value="SHALL"/></extension><code value="read"/></interaction><interaction><extension url="http://hl7.org/fhir/StructureDefinition/capabilitystatement-expectation"><valueCode value="SHALL"/></extension><code value="vread"/></interaction><interaction><extension url="http://hl7.org/fhir/StructureDefinition/capabilitystatement-expectation"><valueCode value="SHALL"/></extension><code value="delete"/></interaction><referencePolicy value="resolves"/></resource><resource><type value="Substance"/><profile value="https://nhicore.nhi.gov.tw/pas/StructureDefinition/Substance-twpas"/><interaction><extension url="http://hl7.org/fhir/StructureDefinition/capabilitystatement-expectation"><valueCode value="SHALL"/></extension><code value="create"/></interaction><interaction><extension url="http://hl7.org/fhir/StructureDefinition/capabilitystatement-expectation"><valueCode value="SHALL"/></extension><code value="read"/></interaction><interaction><extension url="http://hl7.org/fhir/StructureDefinition/capabilitystatement-expectation"><valueCode value="SHALL"/></extension><code value="vread"/></interaction><interaction><extension url="http://hl7.org/fhir/StructureDefinition/capabilitystatement-expectation"><valueCode value="SHALL"/></extension><code value="delete"/></interaction><referencePolicy value="resolves"/></resource><resource><type value="Specimen"/><profile value="https://nhicore.nhi.gov.tw/pas/StructureDefinition/Specimen-twpas"/><interaction><extension url="http://hl7.org/fhir/StructureDefinition/capabilitystatement-expectation"><valueCode value="SHALL"/></extension><code value="create"/></interaction><interaction><extension url="http://hl7.org/fhir/StructureDefinition/capabilitystatement-expectation"><valueCode value="SHALL"/></extension><code value="read"/></interaction><interaction><extension url="http://hl7.org/fhir/StructureDefinition/capabilitystatement-expectation"><valueCode value="SHALL"/></extension><code value="vread"/></interaction><interaction><extension url="http://hl7.org/fhir/StructureDefinition/capabilitystatement-expectation"><valueCode value="SHALL"/></extension><code value="delete"/></interaction><referencePolicy value="resolves"/></resource><resource><type value="DocumentReference"/><profile value="https://nhicore.nhi.gov.tw/pas/StructureDefinition/DocumentReference-twpas"/><interaction><extension url="http://hl7.org/fhir/StructureDefinition/capabilitystatement-expectation"><valueCode value="SHALL"/></extension><code value="create"/></interaction><interaction><extension url="http://hl7.org/fhir/StructureDefinition/capabilitystatement-expectation"><valueCode value="SHALL"/></extension><code value="read"/></interaction><interaction><extension url="http://hl7.org/fhir/StructureDefinition/capabilitystatement-expectation"><valueCode value="SHALL"/></extension><code value="vread"/></interaction><interaction><extension url="http://hl7.org/fhir/StructureDefinition/capabilitystatement-expectation"><valueCode value="SHALL"/></extension><code value="delete"/></interaction><referencePolicy value="resolves"/></resource><resource><type value="Coverage"/><profile value="https://nhicore.nhi.gov.tw/pas/StructureDefinition/Coverage-twpas"/><interaction><extension url="http://hl7.org/fhir/StructureDefinition/capabilitystatement-expectation"><valueCode value="SHALL"/></extension><code value="create"/></interaction><interaction><extension url="http://hl7.org/fhir/StructureDefinition/capabilitystatement-expectation"><valueCode value="SHALL"/></extension><code value="read"/></interaction><interaction><extension url="http://hl7.org/fhir/StructureDefinition/capabilitystatement-expectation"><valueCode value="SHALL"/></extension><code value="vread"/></interaction><interaction><extension url="http://hl7.org/fhir/StructureDefinition/capabilitystatement-expectation"><valueCode value="SHALL"/></extension><code value="delete"/></interaction><referencePolicy value="resolves"/></resource><resource><type value="OperationOutcome"/><profile value="https://nhicore.nhi.gov.tw/pas/StructureDefinition/OperationOutcome-twpas"/><interaction><extension url="http://hl7.org/fhir/StructureDefinition/capabilitystatement-expectation"><valueCode value="SHALL"/></extension><code value="create"/></interaction><interaction><extension url="http://hl7.org/fhir/StructureDefinition/capabilitystatement-expectation"><valueCode value="SHALL"/></extension><code value="read"/></interaction><interaction><extension url="http://hl7.org/fhir/StructureDefinition/capabilitystatement-expectation"><valueCode value="SHALL"/></extension><code value="vread"/></interaction><interaction><extension url="http://hl7.org/fhir/StructureDefinition/capabilitystatement-expectation"><valueCode value="SHALL"/></extension><code value="delete"/></interaction><referencePolicy value="resolves"/></resource></rest></CapabilityStatement>