<?xml version="1.0" encoding="UTF-8"?><CodeSystem xmlns="http://hl7.org/fhir"><id value="nci-thesaurus"/><text><status value="generated"/><div xmlns="http://www.w3.org/1999/xhtml"><p class="res-header-id"><b>Generated Narrative: CodeSystem nci-thesaurus</b></p><a name="nci-thesaurus"> </a><a name="hcnci-thesaurus"> </a><p>This case-sensitive code system <code>https://nhicore.nhi.gov.tw/pas/CodeSystem/nci-thesaurus</code> defines the following codes:</p><table class="codes"><tr><td style="white-space:nowrap"><b>Code</b></td><td><b>Display</b></td></tr><tr><td style="white-space:nowrap">C96243<a name="nci-thesaurus-C96243"> </a></td><td>FIGO Stage 0</td></tr><tr><td style="white-space:nowrap">C96244<a name="nci-thesaurus-C96244"> </a></td><td>FIGO Stage I</td></tr><tr><td style="white-space:nowrap">C96245<a name="nci-thesaurus-C96245"> </a></td><td>FIGO Stage IA</td></tr><tr><td style="white-space:nowrap">C96246<a name="nci-thesaurus-C96246"> </a></td><td>FIGO Stage IA1</td></tr><tr><td style="white-space:nowrap">C96247<a name="nci-thesaurus-C96247"> </a></td><td>FIGO Stage IA2</td></tr><tr><td style="white-space:nowrap">C96248<a name="nci-thesaurus-C96248"> </a></td><td>FIGO Stage IB</td></tr><tr><td style="white-space:nowrap">C96249<a name="nci-thesaurus-C96249"> </a></td><td>FIGO Stage IB1</td></tr><tr><td style="white-space:nowrap">C96250<a name="nci-thesaurus-C96250"> </a></td><td>FIGO Stage IB2</td></tr><tr><td style="white-space:nowrap">C162222<a name="nci-thesaurus-C162222"> </a></td><td>FIGO Stage IB3</td></tr><tr><td style="white-space:nowrap">C96251<a name="nci-thesaurus-C96251"> </a></td><td>FIGO Stage IC</td></tr><tr><td style="white-space:nowrap">C128099<a name="nci-thesaurus-C128099"> </a></td><td>FIGO Stage IC1</td></tr><tr><td style="white-space:nowrap">C128100<a name="nci-thesaurus-C128100"> </a></td><td>FIGO Stage IC2</td></tr><tr><td style="white-space:nowrap">C128101<a name="nci-thesaurus-C128101"> </a></td><td>FIGO Stage IC3</td></tr><tr><td style="white-space:nowrap">C96252<a name="nci-thesaurus-C96252"> </a></td><td>FIGO Stage II</td></tr><tr><td style="white-space:nowrap">C96253<a name="nci-thesaurus-C96253"> </a></td><td>FIGO Stage IIA</td></tr><tr><td style="white-space:nowrap">C162223<a name="nci-thesaurus-C162223"> </a></td><td>FIGO Stage IIA1</td></tr><tr><td style="white-space:nowrap">C128103<a name="nci-thesaurus-C128103"> </a></td><td>FIGO Stage IIA1(i)</td></tr><tr><td style="white-space:nowrap">C128104<a name="nci-thesaurus-C128104"> </a></td><td>FIGO Stage IIA1(ii)</td></tr><tr><td style="white-space:nowrap">C162224<a name="nci-thesaurus-C162224"> </a></td><td>FIGO Stage IIA2</td></tr><tr><td style="white-space:nowrap">C96254<a name="nci-thesaurus-C96254"> </a></td><td>FIGO Stage IIB</td></tr><tr><td style="white-space:nowrap">C188300<a name="nci-thesaurus-C188300"> </a></td><td>FIGO Stage IIC1</td></tr><tr><td style="white-space:nowrap">C96255<a name="nci-thesaurus-C96255"> </a></td><td>FIGO Stage III</td></tr><tr><td style="white-space:nowrap">C96256<a name="nci-thesaurus-C96256"> </a></td><td>FIGO Stage IIIA</td></tr><tr><td style="white-space:nowrap">C128102<a name="nci-thesaurus-C128102"> </a></td><td>FIGO Stage IIIA1</td></tr><tr><td style="white-space:nowrap">C128105<a name="nci-thesaurus-C128105"> </a></td><td>FIGO Stage IIIA2</td></tr><tr><td style="white-space:nowrap">C96257<a name="nci-thesaurus-C96257"> </a></td><td>FIGO Stage IIIB</td></tr><tr><td style="white-space:nowrap">C96258<a name="nci-thesaurus-C96258"> </a></td><td>FIGO Stage IIIC</td></tr><tr><td style="white-space:nowrap">C96259<a name="nci-thesaurus-C96259"> </a></td><td>FIGO Stage IIIC1</td></tr><tr><td style="white-space:nowrap">C96260<a name="nci-thesaurus-C96260"> </a></td><td>FIGO Stage IIIC2</td></tr><tr><td style="white-space:nowrap">C96261<a name="nci-thesaurus-C96261"> </a></td><td>FIGO Stage IV</td></tr><tr><td style="white-space:nowrap">C96262<a name="nci-thesaurus-C96262"> </a></td><td>FIGO Stage IVA</td></tr><tr><td style="white-space:nowrap">C96263<a name="nci-thesaurus-C96263"> </a></td><td>FIGO Stage IVB</td></tr><tr><td style="white-space:nowrap">C139007<a name="nci-thesaurus-C139007"> </a></td><td>Myeloma ISS Stage</td></tr><tr><td style="white-space:nowrap">C141392<a name="nci-thesaurus-C141392"> </a></td><td>Myeloma RISS Stage</td></tr><tr><td style="white-space:nowrap">C133427<a name="nci-thesaurus-C133427"> </a></td><td>Neuroblastoma INRGSS Stage</td></tr><tr><td style="white-space:nowrap">C115134<a name="nci-thesaurus-C115134"> </a></td><td>BCLC Stage</td></tr><tr><td style="white-space:nowrap">C139006<a name="nci-thesaurus-C139006"> </a></td><td>Durie/Salmon Stage (DSS)</td></tr><tr><td style="white-space:nowrap">C141099<a name="nci-thesaurus-C141099"> </a></td><td>ENSAT Stage</td></tr><tr><td style="white-space:nowrap">C28067<a name="nci-thesaurus-C28067"> </a></td><td>Hepatoblastoma Stage</td></tr><tr><td style="white-space:nowrap">C141147<a name="nci-thesaurus-C141147"> </a></td><td>Lugano Stage</td></tr><tr><td style="white-space:nowrap">C143151<a name="nci-thesaurus-C143151"> </a></td><td>Masaoka-Koga Stage</td></tr><tr><td style="white-space:nowrap">C146847<a name="nci-thesaurus-C146847"> </a></td><td>Mediastinal Malignant Germ Cell Tumor Stage</td></tr><tr><td style="white-space:nowrap">C123333<a name="nci-thesaurus-C123333"> </a></td><td>Reese-Ellsworth Staging System</td></tr><tr><td style="white-space:nowrap">C198826<a name="nci-thesaurus-C198826"> </a></td><td>Modified Chang's Staging of Medulloblastoma</td></tr></table></div></text><url value="https://nhicore.nhi.gov.tw/pas/CodeSystem/nci-thesaurus"/><version value="1.0.6"/><name value="NciThesaurus"/><title value="NCI 健保事前審查-Thesaurus"/><status value="active"/><experimental value="false"/><date value="2025-07-01"/><publisher value="衛生福利部中央健康保險署"/><contact><name value="衛生福利部中央健康保險署"/><telecom><system value="url"/><value value="https://www.nhi.gov.tw"/></telecom></contact><description value="NCI 健保事前審查-Thesaurus，參照至http://ncicb.nci.nih.gov/xml/owl/EVS/Thesaurus.owl  &#xA;代碼出版日期：2022-10-13。"/><caseSensitive value="true"/><content value="complete"/><count value="44"/><concept><code value="C96243"/><display value="FIGO Stage 0"/><designation><use><system value="http://terminology.hl7.org/CodeSystem/designation-usage"/><code value="display"/></use><value value="FIGO Stage 0"/></designation><designation><use><system value="http://terminology.hl7.org/CodeSystem/designation-usage"/><code value="display"/></use><value value="FIGO Stage 0"/></designation></concept><concept><code value="C96244"/><display value="FIGO Stage I"/><designation><use><system value="http://terminology.hl7.org/CodeSystem/designation-usage"/><code value="display"/></use><value value="FIGO Stage I"/></designation><designation><use><system value="http://terminology.hl7.org/CodeSystem/designation-usage"/><code value="display"/></use><value value="FIGO Stage I"/></designation></concept><concept><code value="C96245"/><display value="FIGO Stage IA"/><designation><use><system value="http://terminology.hl7.org/CodeSystem/designation-usage"/><code value="display"/></use><value value="FIGO Stage IA"/></designation><designation><use><system value="http://terminology.hl7.org/CodeSystem/designation-usage"/><code value="display"/></use><value value="FIGO Stage IA"/></designation></concept><concept><code value="C96246"/><display value="FIGO Stage IA1"/><designation><use><system value="http://terminology.hl7.org/CodeSystem/designation-usage"/><code value="display"/></use><value value="FIGO Stage IA1"/></designation><designation><use><system value="http://terminology.hl7.org/CodeSystem/designation-usage"/><code value="display"/></use><value value="FIGO Stage IA1"/></designation></concept><concept><code value="C96247"/><display value="FIGO Stage IA2"/><designation><use><system value="http://terminology.hl7.org/CodeSystem/designation-usage"/><code value="display"/></use><value value="FIGO Stage IA2"/></designation><designation><use><system value="http://terminology.hl7.org/CodeSystem/designation-usage"/><code value="display"/></use><value value="FIGO Stage IA2"/></designation></concept><concept><code value="C96248"/><display value="FIGO Stage IB"/><designation><use><system value="http://terminology.hl7.org/CodeSystem/designation-usage"/><code value="display"/></use><value value="FIGO Stage IB"/></designation><designation><use><system value="http://terminology.hl7.org/CodeSystem/designation-usage"/><code value="display"/></use><value value="FIGO Stage IB"/></designation></concept><concept><code value="C96249"/><display value="FIGO Stage IB1"/><designation><use><system value="http://terminology.hl7.org/CodeSystem/designation-usage"/><code value="display"/></use><value value="FIGO Stage IB1"/></designation><designation><use><system value="http://terminology.hl7.org/CodeSystem/designation-usage"/><code value="display"/></use><value value="FIGO Stage IB1"/></designation></concept><concept><code value="C96250"/><display value="FIGO Stage IB2"/><designation><use><system value="http://terminology.hl7.org/CodeSystem/designation-usage"/><code value="display"/></use><value value="FIGO Stage IB2"/></designation><designation><use><system value="http://terminology.hl7.org/CodeSystem/designation-usage"/><code value="display"/></use><value value="FIGO Stage IB2"/></designation></concept><concept><code value="C162222"/><display value="FIGO Stage IB3"/><designation><use><system value="http://terminology.hl7.org/CodeSystem/designation-usage"/><code value="display"/></use><value value="FIGO Stage IB3"/></designation><designation><use><system value="http://terminology.hl7.org/CodeSystem/designation-usage"/><code value="display"/></use><value value="FIGO Stage IB3"/></designation></concept><concept><code value="C96251"/><display value="FIGO Stage IC"/><designation><use><system value="http://terminology.hl7.org/CodeSystem/designation-usage"/><code value="display"/></use><value value="FIGO Stage IC"/></designation><designation><use><system value="http://terminology.hl7.org/CodeSystem/designation-usage"/><code value="display"/></use><value value="FIGO Stage IC"/></designation></concept><concept><code value="C128099"/><display value="FIGO Stage IC1"/><designation><use><system value="http://terminology.hl7.org/CodeSystem/designation-usage"/><code value="display"/></use><value value="FIGO Stage IC1"/></designation><designation><use><system value="http://terminology.hl7.org/CodeSystem/designation-usage"/><code value="display"/></use><value value="FIGO Stage IC1"/></designation></concept><concept><code value="C128100"/><display value="FIGO Stage IC2"/><designation><use><system value="http://terminology.hl7.org/CodeSystem/designation-usage"/><code value="display"/></use><value value="FIGO Stage IC2"/></designation><designation><use><system value="http://terminology.hl7.org/CodeSystem/designation-usage"/><code value="display"/></use><value value="FIGO Stage IC2"/></designation></concept><concept><code value="C128101"/><display value="FIGO Stage IC3"/><designation><use><system value="http://terminology.hl7.org/CodeSystem/designation-usage"/><code value="display"/></use><value value="FIGO Stage IC3"/></designation><designation><use><system value="http://terminology.hl7.org/CodeSystem/designation-usage"/><code value="display"/></use><value value="FIGO Stage IC3"/></designation></concept><concept><code value="C96252"/><display value="FIGO Stage II"/><designation><use><system value="http://terminology.hl7.org/CodeSystem/designation-usage"/><code value="display"/></use><value value="FIGO Stage II"/></designation><designation><use><system value="http://terminology.hl7.org/CodeSystem/designation-usage"/><code value="display"/></use><value value="FIGO Stage II"/></designation></concept><concept><code value="C96253"/><display value="FIGO Stage IIA"/><designation><use><system value="http://terminology.hl7.org/CodeSystem/designation-usage"/><code value="display"/></use><value value="FIGO Stage IIA"/></designation><designation><use><system value="http://terminology.hl7.org/CodeSystem/designation-usage"/><code value="display"/></use><value value="FIGO Stage IIA"/></designation></concept><concept><code value="C162223"/><display value="FIGO Stage IIA1"/><designation><use><system value="http://terminology.hl7.org/CodeSystem/designation-usage"/><code value="display"/></use><value value="FIGO Stage IIA1"/></designation><designation><use><system value="http://terminology.hl7.org/CodeSystem/designation-usage"/><code value="display"/></use><value value="FIGO Stage IIA1"/></designation></concept><concept><code value="C128103"/><display value="FIGO Stage IIA1(i)"/><designation><use><system value="http://terminology.hl7.org/CodeSystem/designation-usage"/><code value="display"/></use><value value="FIGO Stage IIA1(i)"/></designation><designation><use><system value="http://terminology.hl7.org/CodeSystem/designation-usage"/><code value="display"/></use><value value="FIGO Stage IIA1(i)"/></designation></concept><concept><code value="C128104"/><display value="FIGO Stage IIA1(ii)"/><designation><use><system value="http://terminology.hl7.org/CodeSystem/designation-usage"/><code value="display"/></use><value value="FIGO Stage IIA1(ii)"/></designation><designation><use><system value="http://terminology.hl7.org/CodeSystem/designation-usage"/><code value="display"/></use><value value="FIGO Stage IIA1(ii)"/></designation></concept><concept><code value="C162224"/><display value="FIGO Stage IIA2"/><designation><use><system value="http://terminology.hl7.org/CodeSystem/designation-usage"/><code value="display"/></use><value value="FIGO Stage IIA2"/></designation><designation><use><system value="http://terminology.hl7.org/CodeSystem/designation-usage"/><code value="display"/></use><value value="FIGO Stage IIA2"/></designation></concept><concept><code value="C96254"/><display value="FIGO Stage IIB"/><designation><use><system value="http://terminology.hl7.org/CodeSystem/designation-usage"/><code value="display"/></use><value value="FIGO Stage IIB"/></designation><designation><use><system value="http://terminology.hl7.org/CodeSystem/designation-usage"/><code value="display"/></use><value value="FIGO Stage IIB"/></designation></concept><concept><code value="C188300"/><display value="FIGO Stage IIC1"/><designation><use><system value="http://terminology.hl7.org/CodeSystem/designation-usage"/><code value="display"/></use><value value="FIGO Stage IIC1"/></designation><designation><use><system value="http://terminology.hl7.org/CodeSystem/designation-usage"/><code value="display"/></use><value value="FIGO Stage IIC1"/></designation></concept><concept><code value="C96255"/><display value="FIGO Stage III"/><designation><use><system value="http://terminology.hl7.org/CodeSystem/designation-usage"/><code value="display"/></use><value value="FIGO Stage III"/></designation><designation><use><system value="http://terminology.hl7.org/CodeSystem/designation-usage"/><code value="display"/></use><value value="FIGO Stage III"/></designation></concept><concept><code value="C96256"/><display value="FIGO Stage IIIA"/><designation><use><system value="http://terminology.hl7.org/CodeSystem/designation-usage"/><code value="display"/></use><value value="FIGO Stage IIIA"/></designation><designation><use><system value="http://terminology.hl7.org/CodeSystem/designation-usage"/><code value="display"/></use><value value="FIGO Stage IIIA"/></designation></concept><concept><code value="C128102"/><display value="FIGO Stage IIIA1"/><designation><use><system value="http://terminology.hl7.org/CodeSystem/designation-usage"/><code value="display"/></use><value value="FIGO Stage IIIA1"/></designation><designation><use><system value="http://terminology.hl7.org/CodeSystem/designation-usage"/><code value="display"/></use><value value="FIGO Stage IIIA1"/></designation></concept><concept><code value="C128105"/><display value="FIGO Stage IIIA2"/><designation><use><system value="http://terminology.hl7.org/CodeSystem/designation-usage"/><code value="display"/></use><value value="FIGO Stage IIIA2"/></designation><designation><use><system value="http://terminology.hl7.org/CodeSystem/designation-usage"/><code value="display"/></use><value value="FIGO Stage IIIA2"/></designation></concept><concept><code value="C96257"/><display value="FIGO Stage IIIB"/><designation><use><system value="http://terminology.hl7.org/CodeSystem/designation-usage"/><code value="display"/></use><value value="FIGO Stage IIIB"/></designation><designation><use><system value="http://terminology.hl7.org/CodeSystem/designation-usage"/><code value="display"/></use><value value="FIGO Stage IIIB"/></designation></concept><concept><code value="C96258"/><display value="FIGO Stage IIIC"/><designation><use><system value="http://terminology.hl7.org/CodeSystem/designation-usage"/><code value="display"/></use><value value="FIGO Stage IIIC"/></designation><designation><use><system value="http://terminology.hl7.org/CodeSystem/designation-usage"/><code value="display"/></use><value value="FIGO Stage IIIC"/></designation></concept><concept><code value="C96259"/><display value="FIGO Stage IIIC1"/><designation><use><system value="http://terminology.hl7.org/CodeSystem/designation-usage"/><code value="display"/></use><value value="FIGO Stage IIIC1"/></designation><designation><use><system value="http://terminology.hl7.org/CodeSystem/designation-usage"/><code value="display"/></use><value value="FIGO Stage IIIC1"/></designation></concept><concept><code value="C96260"/><display value="FIGO Stage IIIC2"/><designation><use><system value="http://terminology.hl7.org/CodeSystem/designation-usage"/><code value="display"/></use><value value="FIGO Stage IIIC2"/></designation><designation><use><system value="http://terminology.hl7.org/CodeSystem/designation-usage"/><code value="display"/></use><value value="FIGO Stage IIIC2"/></designation></concept><concept><code value="C96261"/><display value="FIGO Stage IV"/><designation><use><system value="http://terminology.hl7.org/CodeSystem/designation-usage"/><code value="display"/></use><value value="FIGO Stage IV"/></designation><designation><use><system value="http://terminology.hl7.org/CodeSystem/designation-usage"/><code value="display"/></use><value value="FIGO Stage IV"/></designation></concept><concept><code value="C96262"/><display value="FIGO Stage IVA"/><designation><use><system value="http://terminology.hl7.org/CodeSystem/designation-usage"/><code value="display"/></use><value value="FIGO Stage IVA"/></designation><designation><use><system value="http://terminology.hl7.org/CodeSystem/designation-usage"/><code value="display"/></use><value value="FIGO Stage IVA"/></designation></concept><concept><code value="C96263"/><display value="FIGO Stage IVB"/><designation><use><system value="http://terminology.hl7.org/CodeSystem/designation-usage"/><code value="display"/></use><value value="FIGO Stage IVB"/></designation><designation><use><system value="http://terminology.hl7.org/CodeSystem/designation-usage"/><code value="display"/></use><value value="FIGO Stage IVB"/></designation></concept><concept><code value="C139007"/><display value="Myeloma ISS Stage"/><designation><use><system value="http://terminology.hl7.org/CodeSystem/designation-usage"/><code value="display"/></use><value value="Myeloma ISS Stage"/></designation><designation><use><system value="http://terminology.hl7.org/CodeSystem/designation-usage"/><code value="display"/></use><value value="Myeloma ISS Stage"/></designation></concept><concept><code value="C141392"/><display value="Myeloma RISS Stage"/><designation><use><system value="http://terminology.hl7.org/CodeSystem/designation-usage"/><code value="display"/></use><value value="Myeloma RISS Stage"/></designation><designation><use><system value="http://terminology.hl7.org/CodeSystem/designation-usage"/><code value="display"/></use><value value="Myeloma RISS Stage"/></designation></concept><concept><code value="C133427"/><display value="Neuroblastoma INRGSS Stage"/><designation><use><system value="http://terminology.hl7.org/CodeSystem/designation-usage"/><code value="display"/></use><value value="Neuroblastoma INRGSS Stage"/></designation><designation><use><system value="http://terminology.hl7.org/CodeSystem/designation-usage"/><code value="display"/></use><value value="Neuroblastoma INRGSS Stage"/></designation></concept><concept><code value="C115134"/><display value="BCLC Stage"/><designation><use><system value="http://terminology.hl7.org/CodeSystem/designation-usage"/><code value="display"/></use><value value="BCLC Stage"/></designation><designation><use><system value="http://terminology.hl7.org/CodeSystem/designation-usage"/><code value="display"/></use><value value="BCLC Stage"/></designation></concept><concept><code value="C139006"/><display value="Durie/Salmon Stage (DSS)"/><designation><use><system value="http://terminology.hl7.org/CodeSystem/designation-usage"/><code value="display"/></use><value value="Durie/Salmon Stage (DSS)"/></designation><designation><use><system value="http://terminology.hl7.org/CodeSystem/designation-usage"/><code value="display"/></use><value value="Durie/Salmon Stage (DSS)"/></designation></concept><concept><code value="C141099"/><display value="ENSAT Stage"/><designation><use><system value="http://terminology.hl7.org/CodeSystem/designation-usage"/><code value="display"/></use><value value="ENSAT Stage"/></designation><designation><use><system value="http://terminology.hl7.org/CodeSystem/designation-usage"/><code value="display"/></use><value value="ENSAT Stage"/></designation></concept><concept><code value="C28067"/><display value="Hepatoblastoma Stage"/><designation><use><system value="http://terminology.hl7.org/CodeSystem/designation-usage"/><code value="display"/></use><value value="Hepatoblastoma Stage"/></designation><designation><use><system value="http://terminology.hl7.org/CodeSystem/designation-usage"/><code value="display"/></use><value value="Hepatoblastoma Stage"/></designation></concept><concept><code value="C141147"/><display value="Lugano Stage"/><designation><use><system value="http://terminology.hl7.org/CodeSystem/designation-usage"/><code value="display"/></use><value value="Lugano Stage"/></designation><designation><use><system value="http://terminology.hl7.org/CodeSystem/designation-usage"/><code value="display"/></use><value value="Lugano Stage"/></designation></concept><concept><code value="C143151"/><display value="Masaoka-Koga Stage"/><designation><use><system value="http://terminology.hl7.org/CodeSystem/designation-usage"/><code value="display"/></use><value value="Masaoka-Koga Stage"/></designation><designation><use><system value="http://terminology.hl7.org/CodeSystem/designation-usage"/><code value="display"/></use><value value="Masaoka-Koga Stage"/></designation></concept><concept><code value="C146847"/><display value="Mediastinal Malignant Germ Cell Tumor Stage"/><designation><use><system value="http://terminology.hl7.org/CodeSystem/designation-usage"/><code value="display"/></use><value value="Mediastinal Malignant Germ Cell Tumor Stage"/></designation><designation><use><system value="http://terminology.hl7.org/CodeSystem/designation-usage"/><code value="display"/></use><value value="Mediastinal Malignant Germ Cell Tumor Stage"/></designation></concept><concept><code value="C123333"/><display value="Reese-Ellsworth Staging System"/><designation><use><system value="http://terminology.hl7.org/CodeSystem/designation-usage"/><code value="display"/></use><value value="Reese-Ellsworth Staging System"/></designation><designation><use><system value="http://terminology.hl7.org/CodeSystem/designation-usage"/><code value="display"/></use><value value="Reese-Ellsworth Staging System"/></designation></concept><concept><code value="C198826"/><display value="Modified Chang's Staging of Medulloblastoma"/><designation><use><system value="http://terminology.hl7.org/CodeSystem/designation-usage"/><code value="display"/></use><value value="Modified Chang's Staging of Medulloblastoma"/></designation><designation><use><system value="http://terminology.hl7.org/CodeSystem/designation-usage"/><code value="display"/></use><value value="Modified Chang's Staging of Medulloblastoma"/></designation></concept></CodeSystem>