<?xml version="1.0" encoding="UTF-8"?><CodeSystem xmlns="http://hl7.org/fhir"><id value="nhi-order-type"/><text><status value="generated"/><div xmlns="http://www.w3.org/1999/xhtml"><p class="res-header-id"><b>Generated Narrative: CodeSystem nhi-order-type</b></p><a name="nhi-order-type"> </a><a name="hcnhi-order-type"> </a><p>This case-sensitive code system <code>https://nhicore.nhi.gov.tw/pas/CodeSystem/nhi-order-type</code> defines the following codes:</p><table class="codes"><tr><td style="white-space:nowrap"><b>Code</b></td><td><b>Display</b></td></tr><tr><td style="white-space:nowrap">1<a name="nhi-order-type-1"> </a></td><td>藥品</td></tr><tr><td style="white-space:nowrap">2<a name="nhi-order-type-2"> </a></td><td>醫療服務</td></tr><tr><td style="white-space:nowrap">3<a name="nhi-order-type-3"> </a></td><td>特材</td></tr></table></div></text><url value="https://nhicore.nhi.gov.tw/pas/CodeSystem/nhi-order-type"/><version value="1.0.6"/><name value="NHIOrderType"/><title value="NHI-健保事前審查-醫令類別"/><status value="active"/><experimental value="false"/><date value="2025-07-01"/><publisher value="衛生福利部中央健康保險署"/><contact><name value="衛生福利部中央健康保險署"/><telecom><system value="url"/><value value="https://www.nhi.gov.tw"/></telecom></contact><description value="臺灣衛生福利部中央健康保險署「醫令類別」代碼，代碼出版日期：2025-07-01；資料所屬單位：臺灣衛生福利部中央健康保險署。"/><caseSensitive value="true"/><content value="complete"/><count value="3"/><concept><code value="1"/><display value="藥品"/><designation><use><system value="http://terminology.hl7.org/CodeSystem/designation-usage"/><code value="display"/></use><value value="藥品"/></designation></concept><concept><code value="2"/><display value="醫療服務"/><designation><use><system value="http://terminology.hl7.org/CodeSystem/designation-usage"/><code value="display"/></use><value value="醫療服務"/></designation></concept><concept><code value="3"/><display value="特材"/><designation><use><system value="http://terminology.hl7.org/CodeSystem/designation-usage"/><code value="display"/></use><value value="特材"/></designation></concept></CodeSystem>