<?xml version="1.0" encoding="UTF-8"?><CodeSystem xmlns="http://hl7.org/fhir"><id value="nhi-pat-ast"/><text><status value="generated"/><div xmlns="http://www.w3.org/1999/xhtml"><p class="res-header-id"><b>Generated Narrative: CodeSystem nhi-pat-ast</b></p><a name="nhi-pat-ast"> </a><a name="hcnhi-pat-ast"> </a><p>This case-sensitive code system <code>https://nhicore.nhi.gov.tw/pas/CodeSystem/nhi-pat-ast</code> defines the following codes:</p><table class="codes"><tr><td style="white-space:nowrap"><b>Code</b></td><td><b>Display</b></td><td><b>Definition</b></td></tr><tr><td style="white-space:nowrap">IPS<a name="nhi-pat-ast-IPS"> </a></td><td>International Prognostic Score</td><td>IPS (International Prognostic Score)</td></tr><tr><td style="white-space:nowrap">PDAI<a name="nhi-pat-ast-PDAI"> </a></td><td>Pemphigus Disease Area Index</td><td>PDAI評估指數</td></tr><tr><td style="white-space:nowrap">CIRS<a name="nhi-pat-ast-CIRS"> </a></td><td>Cumulative illness rating scale</td><td>CIRS (cumulative illness rating scale) score</td></tr><tr><td style="white-space:nowrap">HCTCI<a name="nhi-pat-ast-HCTCI"> </a></td><td>Hematopoietic Cell Transplantation-specific Comorbidity Index</td><td>HCT-CI</td></tr></table></div></text><url value="https://nhicore.nhi.gov.tw/pas/CodeSystem/nhi-pat-ast"/><version value="1.0.6"/><name value="PatAst"/><title value="NHI-健保事前審查-病人狀態評估項目"/><status value="active"/><experimental value="false"/><date value="2025-07-01"/><publisher value="衛生福利部中央健康保險署"/><contact><name value="衛生福利部中央健康保險署"/><telecom><system value="url"/><value value="https://www.nhi.gov.tw"/></telecom></contact><description value="臺灣衛生福利部中央健康保險署「病人狀態評估項目」代碼，代碼出版日期：2025-07-01；資料所屬單位：臺灣衛生福利部中央健康保險署。"/><caseSensitive value="true"/><content value="complete"/><count value="4"/><concept><code value="IPS"/><display value="International Prognostic Score"/><definition value="IPS (International Prognostic Score)"/></concept><concept><code value="PDAI"/><display value="Pemphigus Disease Area Index"/><definition value="PDAI評估指數"/></concept><concept><code value="CIRS"/><display value="Cumulative illness rating scale"/><definition value="CIRS (cumulative illness rating scale) score"/></concept><concept><code value="HCTCI"/><display value="Hematopoietic Cell Transplantation-specific Comorbidity Index"/><definition value="HCT-CI"/></concept></CodeSystem>