<?xml version="1.0" encoding="UTF-8"?><CodeSystem xmlns="http://hl7.org/fhir"><id value="nhi-continuation-status"/><text><status value="generated"/><div xmlns="http://www.w3.org/1999/xhtml"><p class="res-header-id"><b>Generated Narrative: CodeSystem nhi-continuation-status</b></p><a name="nhi-continuation-status"> </a><a name="hcnhi-continuation-status"> </a><p>This case-sensitive code system <code>https://nhicore.nhi.gov.tw/pas/CodeSystem/nhi-continuation-status</code> defines the following codes:</p><table class="codes"><tr><td style="white-space:nowrap"><b>Code</b></td><td><b>Display</b></td></tr><tr><td style="white-space:nowrap">1<a name="nhi-continuation-status-1"> </a></td><td>初次使用</td></tr><tr><td style="white-space:nowrap">2<a name="nhi-continuation-status-2"> </a></td><td>申請再次使用</td></tr></table></div></text><url value="https://nhicore.nhi.gov.tw/pas/CodeSystem/nhi-continuation-status"/><version value="1.0.6"/><name value="NHIContinuationStatus"/><title value="NHI-健保事前審查-續用註記"/><status value="active"/><experimental value="false"/><date value="2025-07-01"/><publisher value="衛生福利部中央健康保險署"/><contact><name value="衛生福利部中央健康保險署"/><telecom><system value="url"/><value value="https://www.nhi.gov.tw"/></telecom></contact><description value="臺灣衛生福利部中央健康保險署「續用註記」代碼，代碼出版日期：2025-07-01；資料所屬單位：臺灣衛生福利部中央健康保險署。"/><caseSensitive value="true"/><content value="complete"/><count value="2"/><concept><code value="1"/><display value="初次使用"/><designation><use><system value="http://terminology.hl7.org/CodeSystem/designation-usage"/><code value="display"/></use><value value="初次使用"/></designation></concept><concept><code value="2"/><display value="申請再次使用"/><designation><use><system value="http://terminology.hl7.org/CodeSystem/designation-usage"/><code value="display"/></use><value value="申請再次使用"/></designation></concept></CodeSystem>