<?xml version="1.0" encoding="UTF-8"?><SearchParameter xmlns="http://hl7.org/fhir"><id value="Claim-identifier"/><text><status value="generated"/><div xmlns="http://www.w3.org/1999/xhtml"><p class="res-header-id"><b>Generated Narrative: SearchParameter Claim-identifier</b></p><a name="Claim-identifier"> </a><a name="hcClaim-identifier"> </a><h2>ClaimIdentifier</h2><p>Parameter <code>identifier</code>:<code>token</code></p><div><p>事前審查(Claim)的受理編號(identifier)</p>
</div><table class="grid"><tr><td>Resource</td><td><a href="http://hl7.org/fhir/R4/claim.html">Claim</a></td></tr><tr><td>Expression</td><td><code>Claim.identifier</code></td></tr><tr><td>Multiples</td><td><ul><li>multipleAnd: It's up to the server whether the parameter may repeat in order to specify multiple values that must all be true</li><li>multipleOr: It's up to the server whether the parameter can have multiple values (separated by comma) where at least one must be true</li></ul></td></tr></table></div></text><url value="https://nhicore.nhi.gov.tw/pas/SearchParameter/Claim-identifier"/><version value="1.0.6"/><name value="ClaimIdentifier"/><status value="active"/><date value="2024-08-31"/><publisher value="衛生福利部中央健康保險署"/><contact><name value="衛生福利部中央健康保險署"/><telecom><system value="url"/><value value="https://www.nhi.gov.tw"/></telecom></contact><description value="事前審查(Claim)的受理編號(identifier)"/><code value="identifier"/><base value="Claim"/><type value="token"/><expression value="Claim.identifier"/></SearchParameter>