<?xml version="1.0" encoding="UTF-8"?><SearchParameter xmlns="http://hl7.org/fhir"><id value="ClaimResponse-disposition"/><text><status value="generated"/><div xmlns="http://www.w3.org/1999/xhtml"><p class="res-header-id"><b>Generated Narrative: SearchParameter ClaimResponse-disposition</b></p><a name="ClaimResponse-disposition"> </a><a name="hcClaimResponse-disposition"> </a><h2>ClaimResponseDisposition</h2><p>Parameter <code>disposition</code>:<code>string</code></p><div><p>事前審查回覆(ClaimResponse)的案件受理狀態(disposition)</p>
</div><table class="grid"><tr><td>Resource</td><td><a href="http://hl7.org/fhir/R4/claimresponse.html">ClaimResponse</a></td></tr><tr><td>Expression</td><td><code>ClaimResponse.disposition</code></td></tr><tr><td>Multiples</td><td><ul><li>multipleAnd: It's up to the server whether the parameter may repeat in order to specify multiple values that must all be true</li><li>multipleOr: It's up to the server whether the parameter can have multiple values (separated by comma) where at least one must be true</li></ul></td></tr></table></div></text><url value="https://nhicore.nhi.gov.tw/pas/SearchParameter/ClaimResponse-disposition"/><version value="1.0.6"/><name value="ClaimResponseDisposition"/><status value="active"/><date value="2024-08-31"/><publisher value="衛生福利部中央健康保險署"/><contact><name value="衛生福利部中央健康保險署"/><telecom><system value="url"/><value value="https://www.nhi.gov.tw"/></telecom></contact><description value="事前審查回覆(ClaimResponse)的案件受理狀態(disposition)"/><code value="disposition"/><base value="ClaimResponse"/><type value="string"/><expression value="ClaimResponse.disposition"/></SearchParameter>