<?xml version="1.0" encoding="UTF-8"?><SearchParameter xmlns="http://hl7.org/fhir"><id value="Encounter-service-type"/><text><status value="generated"/><div xmlns="http://www.w3.org/1999/xhtml"><p class="res-header-id"><b>Generated Narrative: SearchParameter Encounter-service-type</b></p><a name="Encounter-service-type"> </a><a name="hcEncounter-service-type"> </a><h2>EncounterServiceType</h2><p>Parameter <code>service-type</code>:<code>token</code></p><div><p>就醫科別(serviceType)</p>
</div><table class="grid"><tr><td>Resource</td><td><a href="http://hl7.org/fhir/R4/encounter.html">Encounter</a></td></tr><tr><td>Expression</td><td><code>Encounter.serviceType</code></td></tr><tr><td>Multiples</td><td><ul><li>multipleAnd: It's up to the server whether the parameter may repeat in order to specify multiple values that must all be true</li><li>multipleOr: It's up to the server whether the parameter can have multiple values (separated by comma) where at least one must be true</li></ul></td></tr></table></div></text><url value="https://nhicore.nhi.gov.tw/pas/SearchParameter/Encounter-service-type"/><version value="1.0.6"/><name value="EncounterServiceType"/><status value="active"/><date value="2024-08-31"/><publisher value="衛生福利部中央健康保險署"/><contact><name value="衛生福利部中央健康保險署"/><telecom><system value="url"/><value value="https://www.nhi.gov.tw"/></telecom></contact><description value="就醫科別(serviceType)"/><code value="service-type"/><base value="Encounter"/><type value="token"/><expression value="Encounter.serviceType"/></SearchParameter>