<?xml version="1.0" encoding="UTF-8"?><SearchParameter xmlns="http://hl7.org/fhir"><id value="ClaimResponse-request"/><text><status value="generated"/><div xmlns="http://www.w3.org/1999/xhtml"><p class="res-header-id"><b>Generated Narrative: SearchParameter ClaimResponse-request</b></p><a name="ClaimResponse-request"> </a><a name="hcClaimResponse-request"> </a><h2>ClaimResponseRequest</h2><p>Parameter <code>request</code>:<code>reference</code></p><div><p>事前審查回覆(ClaimResponse)關聯的事前審查(Claim)</p>
</div><table class="grid"><tr><td>Resource</td><td><a href="http://hl7.org/fhir/R4/claimresponse.html">ClaimResponse</a></td></tr><tr><td>Expression</td><td><code>ClaimResponse.request</code></td></tr><tr><td>Multiples</td><td><ul><li>multipleAnd: It's up to the server whether the parameter may repeat in order to specify multiple values that must all be true</li><li>multipleOr: It's up to the server whether the parameter can have multiple values (separated by comma) where at least one must be true</li></ul></td></tr><tr><td>Chains</td><td>Allowed: identifier, patient, func-type</td></tr></table></div></text><url value="https://nhicore.nhi.gov.tw/pas/SearchParameter/ClaimResponse-request"/><version value="1.0.6"/><name value="ClaimResponseRequest"/><status value="active"/><date value="2024-08-31"/><publisher value="衛生福利部中央健康保險署"/><contact><name value="衛生福利部中央健康保險署"/><telecom><system value="url"/><value value="https://www.nhi.gov.tw"/></telecom></contact><description value="事前審查回覆(ClaimResponse)關聯的事前審查(Claim)"/><code value="request"/><base value="ClaimResponse"/><type value="reference"/><expression value="ClaimResponse.request"/><chain value="identifier"/><chain value="patient"/><chain value="func-type"/></SearchParameter>