<?xml version="1.0" encoding="UTF-8"?><SearchParameter xmlns="http://hl7.org/fhir"><id value="Bundle-id"/><text><status value="generated"/><div xmlns="http://www.w3.org/1999/xhtml"><p class="res-header-id"><b>Generated Narrative: SearchParameter Bundle-id</b></p><a name="Bundle-id"> </a><a name="hcBundle-id"> </a><h2>BundleID</h2><p>Parameter <code>_id</code>:<code>token</code></p><div><p>事前審查(Bundle)的邏輯性ID</p>
</div><table class="grid"><tr><td>Resource</td><td><a href="http://hl7.org/fhir/R4/bundle.html">Bundle</a></td></tr><tr><td>Expression</td><td><code>Bundle.id</code></td></tr><tr><td>Multiples</td><td><ul><li>multipleAnd: It's up to the server whether the parameter may repeat in order to specify multiple values that must all be true</li><li>multipleOr: It's up to the server whether the parameter can have multiple values (separated by comma) where at least one must be true</li></ul></td></tr></table></div></text><url value="https://nhicore.nhi.gov.tw/pas/SearchParameter/Bundle-id"/><version value="1.0.6"/><name value="BundleID"/><status value="active"/><date value="2024-08-31"/><publisher value="衛生福利部中央健康保險署"/><contact><name value="衛生福利部中央健康保險署"/><telecom><system value="url"/><value value="https://www.nhi.gov.tw"/></telecom></contact><description value="事前審查(Bundle)的邏輯性ID"/><code value="_id"/><base value="Bundle"/><type value="token"/><expression value="Bundle.id"/></SearchParameter>