<?xml version="1.0" encoding="UTF-8"?><ValueSet xmlns="http://hl7.org/fhir"><id value="nhi-approve-claim-comment"/><text><status value="generated"/><div xmlns="http://www.w3.org/1999/xhtml"><p class="res-header-id"><b>Generated Narrative: ValueSet nhi-approve-claim-comment</b></p><a name="nhi-approve-claim-comment"> </a><a name="hcnhi-approve-claim-comment"> </a><ul><li>Include these codes as defined in <a href="CodeSystem-nhi-approve-comment.html"><code>https://nhicore.nhi.gov.tw/pas/CodeSystem/nhi-approve-comment</code></a><table class="none"><tr><td style="white-space:nowrap"><b>Code</b></td><td><b>Display</b></td></tr><tr><td><a href="CodeSystem-nhi-approve-comment.html#nhi-approve-comment-1">1</a></td><td>同意</td></tr><tr><td><a href="CodeSystem-nhi-approve-comment.html#nhi-approve-comment-2">2</a></td><td>不予同意</td></tr><tr><td><a href="CodeSystem-nhi-approve-comment.html#nhi-approve-comment-3">3</a></td><td>部份同意</td></tr><tr><td><a href="CodeSystem-nhi-approve-comment.html#nhi-approve-comment-4">4</a></td><td>補件</td></tr><tr><td><a href="CodeSystem-nhi-approve-comment.html#nhi-approve-comment-5">5</a></td><td>退件</td></tr></table></li></ul></div></text><url value="https://nhicore.nhi.gov.tw/pas/ValueSet/nhi-approve-claim-comment"/><version value="1.0.6"/><name value="NHIApproveClaimComment"/><title value="NHI-健保事前審查-受理審查案件核定註記值集"/><status value="active"/><experimental value="false"/><date value="2025-07-01"/><publisher value="衛生福利部中央健康保險署"/><contact><name value="衛生福利部中央健康保險署"/><telecom><system value="url"/><value value="https://www.nhi.gov.tw"/></telecom></contact><description value="NHI-健保事前審查-受理審查案件核定註記值集"/><compose><include><system value="https://nhicore.nhi.gov.tw/pas/CodeSystem/nhi-approve-comment"/><concept><code value="1"/><display value="同意"/></concept><concept><code value="2"/><display value="不予同意"/></concept><concept><code value="3"/><display value="部份同意"/></concept><concept><code value="4"/><display value="補件"/></concept><concept><code value="5"/><display value="退件"/></concept></include></compose></ValueSet>