<?xml version="1.0" encoding="UTF-8"?><ValueSet xmlns="http://hl7.org/fhir"><id value="ucum-units"/><text><status value="generated"/><div xmlns="http://www.w3.org/1999/xhtml"><p class="res-header-id"><b>Generated Narrative: ValueSet ucum-units</b></p><a name="ucum-units"> </a><a name="hcucum-units"> </a><ul><li>Include all codes defined in <a href="http://unitsofmeasure.org"><code>http://unitsofmeasure.org</code></a></li></ul></div></text><url value="https://nhicore.nhi.gov.tw/pas/ValueSet/ucum-units"/><version value="1.0.6"/><name value="UCUMUnits"/><title value="UCUM-健保事前審查-UCUM單位值集"/><status value="active"/><experimental value="false"/><date value="2025-07-01"/><publisher value="衛生福利部中央健康保險署"/><contact><name value="衛生福利部中央健康保險署"/><telecom><system value="url"/><value value="https://www.nhi.gov.tw"/></telecom></contact><description value="UCUM-健保事前審查-UCUM單位值集"/><copyright value="UCUM is Copyright © 1999-2013 Regenstrief Institute, Inc. and The UCUM Organization, Indianapolis, IN. All rights reserved. See https://ucum.org/license for details."/><compose><include><system value="http://unitsofmeasure.org"/></include></compose></ValueSet>