<?xml version="1.0" encoding="UTF-8"?><ValueSet xmlns="http://hl7.org/fhir"><id value="nhi-drug-category"/><text><status value="generated"/><div xmlns="http://www.w3.org/1999/xhtml"><p class="res-header-id"><b>Generated Narrative: ValueSet nhi-drug-category</b></p><a name="nhi-drug-category"> </a><a name="hcnhi-drug-category"> </a><ul><li>Include all codes defined in <a href="CodeSystem-nhi-drug-category.html"><code>https://nhicore.nhi.gov.tw/pas/CodeSystem/nhi-drug-category</code></a></li></ul></div></text><url value="https://nhicore.nhi.gov.tw/pas/ValueSet/nhi-drug-category"/><version value="1.0.6"/><name value="NHIDrugCategory"/><title value="NHI-健保事前審查-藥物類型值集"/><status value="active"/><experimental value="false"/><date value="2025-07-01"/><publisher value="衛生福利部中央健康保險署"/><contact><name value="衛生福利部中央健康保險署"/><telecom><system value="url"/><value value="https://www.nhi.gov.tw"/></telecom></contact><description value="NHI-健保事前審查-藥物類型值集"/><compose><include><system value="https://nhicore.nhi.gov.tw/pas/CodeSystem/nhi-drug-category"/></include></compose></ValueSet>