<?xml version="1.0" encoding="UTF-8"?><ValueSet xmlns="http://hl7.org/fhir"><id value="medication-path-sct-tw"/><text><status value="generated"/><div xmlns="http://www.w3.org/1999/xhtml"><p class="res-header-id"><b>Generated Narrative: ValueSet medication-path-sct-tw</b></p><a name="medication-path-sct-tw"> </a><a name="hcmedication-path-sct-tw"> </a><p>This value set includes codes based on the following rules:</p><ul><li>Include codes from<a href="http://www.snomed.org/"><code>http://snomed.info/sct</code></a> where concept  is-a 284009009 (Route of administration values)</li><li>Include these codes as defined in <a href="http://www.snomed.org/"><code>http://snomed.info/sct</code></a><table class="none"><tr><td style="white-space:nowrap"><b>Code</b></td><td><b>Display</b></td></tr><tr><td><a href="http://snomed.info/id/10547007">10547007</a></td><td style="color: #cccccc">Otic route</td></tr><tr><td><a href="http://snomed.info/id/1611000175109">1611000175109</a></td><td style="color: #cccccc">Sublesional route (qualifier value)</td></tr><tr><td><a href="http://snomed.info/id/58100008">58100008</a></td><td style="color: #cccccc">Intra-arterial route</td></tr><tr><td><a href="http://snomed.info/id/372464004">372464004</a></td><td style="color: #cccccc">Intradermal use</td></tr><tr><td><a href="http://snomed.info/id/78421000">78421000</a></td><td style="color: #cccccc">Intramuscular route</td></tr><tr><td><a href="http://snomed.info/id/47625008">47625008</a></td><td style="color: #cccccc">Intravenous route</td></tr><tr><td><a href="http://snomed.info/id/418401004">418401004</a></td><td style="color: #cccccc">Intravitreal route (qualifier value)</td></tr><tr><td><a href="http://snomed.info/id/46713006">46713006</a></td><td style="color: #cccccc">Nasal route</td></tr><tr><td><a href="http://snomed.info/id/54485002">54485002</a></td><td style="color: #cccccc">Ophthalmic route</td></tr><tr><td><a href="http://snomed.info/id/26643006">26643006</a></td><td style="color: #cccccc">Oral route</td></tr><tr><td><a href="http://snomed.info/id/34206005">34206005</a></td><td style="color: #cccccc">Subcutaneous route</td></tr><tr><td><a href="http://snomed.info/id/416174007">416174007</a></td><td style="color: #cccccc">Suborbital route (qualifier value)</td></tr><tr><td><a href="http://snomed.info/id/448598008">448598008</a></td><td style="color: #cccccc">Cutaneous route (qualifier value)</td></tr><tr><td><a href="http://snomed.info/id/37839007">37839007</a></td><td style="color: #cccccc">Sublingual route</td></tr><tr><td><a href="http://snomed.info/id/37161004">37161004</a></td><td style="color: #cccccc">Per rectum</td></tr><tr><td><a href="http://snomed.info/id/6064005">6064005</a></td><td style="color: #cccccc">Topical route</td></tr><tr><td><a href="http://snomed.info/id/16857009">16857009</a></td><td style="color: #cccccc">Per vagina</td></tr></table></li><li>Include these codes as defined in <a href="https://twcore.mohw.gov.tw/ig/twcore/0.3.2/CodeSystem-medication-path-tw.html"><code>https://twcore.mohw.gov.tw/ig/twcore/CodeSystem/medication-path-tw</code></a><table class="none"><tr><td style="white-space:nowrap"><b>Code</b></td><td><b>Display</b></td></tr><tr><td><a href="https://twcore.mohw.gov.tw/ig/twcore/0.3.2/CodeSystem-medication-path-tw.html#medication-path-tw-ET">ET</a></td><td>氣內切</td></tr><tr><td><a href="https://twcore.mohw.gov.tw/ig/twcore/0.3.2/CodeSystem-medication-path-tw.html#medication-path-tw-GAR">GAR</a></td><td>潄口用</td></tr><tr><td><a href="https://twcore.mohw.gov.tw/ig/twcore/0.3.2/CodeSystem-medication-path-tw.html#medication-path-tw-IE">IE</a></td><td>脊髓硬膜內治射</td></tr><tr><td><a href="https://twcore.mohw.gov.tw/ig/twcore/0.3.2/CodeSystem-medication-path-tw.html#medication-path-tw-IMP">IMP</a></td><td>植入</td></tr><tr><td><a href="https://twcore.mohw.gov.tw/ig/twcore/0.3.2/CodeSystem-medication-path-tw.html#medication-path-tw-INHL">INHL</a></td><td>吸入</td></tr><tr><td><a href="https://twcore.mohw.gov.tw/ig/twcore/0.3.2/CodeSystem-medication-path-tw.html#medication-path-tw-IS">IS</a></td><td>滑膜內注射</td></tr><tr><td><a href="https://twcore.mohw.gov.tw/ig/twcore/0.3.2/CodeSystem-medication-path-tw.html#medication-path-tw-IT">IT</a></td><td>椎骨內注射</td></tr><tr><td><a href="https://twcore.mohw.gov.tw/ig/twcore/0.3.2/CodeSystem-medication-path-tw.html#medication-path-tw-LA">LA</a></td><td>局部麻醉</td></tr><tr><td><a href="https://twcore.mohw.gov.tw/ig/twcore/0.3.2/CodeSystem-medication-path-tw.html#medication-path-tw-LI">LI</a></td><td>局部注射</td></tr><tr><td><a href="https://twcore.mohw.gov.tw/ig/twcore/0.3.2/CodeSystem-medication-path-tw.html#medication-path-tw-SPI">SPI</a></td><td>脊髓</td></tr><tr><td><a href="https://twcore.mohw.gov.tw/ig/twcore/0.3.2/CodeSystem-medication-path-tw.html#medication-path-tw-TPN">TPN</a></td><td>全靜脈營養劑</td></tr><tr><td><a href="https://twcore.mohw.gov.tw/ig/twcore/0.3.2/CodeSystem-medication-path-tw.html#medication-path-tw-IRRIG">IRRIG</a></td><td>沖洗(irrigation)</td></tr></table></li></ul></div></text><url value="https://nhicore.nhi.gov.tw/pas/ValueSet/medication-path-sct-tw"/><version value="1.0.6"/><name value="TWPCSMedicationPathSCT"/><title value="SNOMED CT + 臺灣健保署-健保事前審查-給藥途徑值集"/><status value="active"/><experimental value="false"/><date value="2024-01-16"/><publisher value="衛生福利部中央健康保險署"/><contact><name value="衛生福利部中央健康保險署"/><telecom><system value="url"/><value value="https://www.nhi.gov.tw"/></telecom></contact><description value="SNOMED CT + 臺灣健保署-健保事前審查-給藥途徑值集。&#xA;代碼對應請參照[臺灣健保署給藥途徑代碼對應SNOMED CT](https://build.fhir.org/ig/cctwFHIRterm/MOHW_TWCoreIG_Build/ConceptMap-medication-path-tw.html)&#xA;&#xA;此值集優先採用國際標準碼，國際標準碼未能表述之概念，則以普遍被使用的臺灣健保署給藥途徑代碼表述，請實作者留意。"/><copyright value="衛生福利部"/><compose><include><system value="http://snomed.info/sct"/><filter><property value="concept"/><op value="is-a"/><value value="284009009"/></filter></include><include><system value="http://snomed.info/sct"/><concept><code value="10547007"/></concept><concept><code value="1611000175109"/></concept><concept><code value="58100008"/></concept><concept><code value="372464004"/></concept><concept><code value="78421000"/></concept><concept><code value="47625008"/></concept><concept><code value="418401004"/></concept><concept><code value="46713006"/></concept><concept><code value="54485002"/></concept><concept><code value="26643006"/></concept><concept><code value="34206005"/></concept><concept><code value="416174007"/></concept><concept><code value="448598008"/></concept><concept><code value="37839007"/></concept><concept><code value="37161004"/></concept><concept><code value="6064005"/></concept><concept><code value="16857009"/></concept></include><include><system value="https://twcore.mohw.gov.tw/ig/twcore/CodeSystem/medication-path-tw"/><concept><code value="ET"/><display value="氣內切"/></concept><concept><code value="GAR"/><display value="潄口用"/></concept><concept><code value="IE"/><display value="脊髓硬膜內治射"/></concept><concept><code value="IMP"/><display value="植入"/></concept><concept><code value="INHL"/><display value="吸入"/></concept><concept><code value="IS"/><display value="滑膜內注射"/></concept><concept><code value="IT"/><display value="椎骨內注射"/></concept><concept><code value="LA"/><display value="局部麻醉"/></concept><concept><code value="LI"/><display value="局部注射"/></concept><concept><code value="SPI"/><display value="脊髓"/></concept><concept><code value="TPN"/><display value="全靜脈營養劑"/></concept><concept><code value="IRRIG"/><display value="沖洗(irrigation)"/></concept></include></compose></ValueSet>