<?xml version="1.0" encoding="UTF-8"?><ValueSet xmlns="http://hl7.org/fhir"><id value="nhi-organization"/><text><status value="generated"/><div xmlns="http://www.w3.org/1999/xhtml"><p class="res-header-id"><b>Generated Narrative: ValueSet nhi-organization</b></p><a name="nhi-organization"> </a><a name="hcnhi-organization"> </a><ul><li>Include all codes defined in <a href="CodeSystem-organization-identifier-tw.html"><code>https://nhicore.nhi.gov.tw/pas/CodeSystem/organization-identifier-tw</code></a></li></ul></div></text><url value="https://nhicore.nhi.gov.tw/pas/ValueSet/nhi-organization"/><version value="1.0.6"/><name value="NHIOrganization"/><title value="NHI-健保事前審查-特約醫事機構值集"/><status value="active"/><experimental value="false"/><date value="2024-08-19"/><publisher value="衛生福利部中央健康保險署"/><contact><name value="衛生福利部中央健康保險署"/><telecom><system value="url"/><value value="https://www.nhi.gov.tw"/></telecom></contact><description value="NHI-健保事前審查-特約醫事機構值集，參照至[衛福部健保署特約醫事機構代碼網路查詢服務](https://www.nhi.gov.tw/ch/cp-5548-135e8-2931-1.html)中的[健保特約醫療院所名冊](https://info.nhi.gov.tw/IODE0000/IODE0000S09?id=1120)&#xA;&#xA;代碼出版日期：2024-04-22；資料所屬單位：衛生福利部中央健康保險署。&#xA;&#xA;*因原始資料無代碼版本資訊，故使用其「更新日期」作為版本資訊。*&#xA;"/><compose><include><system value="https://nhicore.nhi.gov.tw/pas/CodeSystem/organization-identifier-tw"/></include></compose></ValueSet>