<?xml version="1.0" encoding="UTF-8"?><ValueSet xmlns="http://hl7.org/fhir"><id value="specime-type"/><text><status value="generated"/><div xmlns="http://www.w3.org/1999/xhtml"><p class="res-header-id"><b>Generated Narrative: ValueSet specime-type</b></p><a name="specime-type"> </a><a name="hcspecime-type"> </a><ul><li>Include these codes as defined in <a href="http://loinc.org"><code>http://loinc.org</code></a><table class="none"><tr><td style="white-space:nowrap"><b>Code</b></td><td><b>Display</b></td></tr><tr><td><a href="https://loinc.org/LP7057-5/">LP7057-5</a></td><td style="color: #cccccc">Bld</td></tr><tr><td><a href="https://loinc.org/LP234849-0/">LP234849-0</a></td><td style="color: #cccccc">XXX&gt;Tissue</td></tr><tr><td><a href="https://loinc.org/LP7641-6/">LP7641-6</a></td><td style="color: #cccccc">Tiss</td></tr><tr><td><a href="https://loinc.org/LP247830-5/">LP247830-5</a></td><td style="color: #cccccc">Cancer specimen</td></tr><tr><td><a href="https://loinc.org/LP7410-6/">LP7410-6</a></td><td style="color: #cccccc">Bone mar</td></tr></table></li></ul></div></text><url value="https://nhicore.nhi.gov.tw/pas/ValueSet/specime-type"/><version value="1.0.6"/><name value="SpecimenType"/><title value="LOINC-健保事前審查-基因檢測檢體類型值集"/><status value="active"/><experimental value="false"/><date value="2025-07-01"/><publisher value="衛生福利部中央健康保險署"/><contact><name value="衛生福利部中央健康保險署"/><telecom><system value="url"/><value value="https://www.nhi.gov.tw"/></telecom></contact><description value="LOINC-健保事前審查-基因檢測檢體類型值集"/><compose><include><system value="http://loinc.org"/><concept><code value="LP7057-5"/></concept><concept><code value="LP234849-0"/></concept><concept><code value="LP7641-6"/></concept><concept><code value="LP247830-5"/></concept><concept><code value="LP7410-6"/></concept></include></compose></ValueSet>