<?xml version="1.0" encoding="UTF-8"?><ValueSet xmlns="http://hl7.org/fhir"><id value="cancer-stage-score"/><text><status value="generated"/><div xmlns="http://www.w3.org/1999/xhtml"><p class="res-header-id"><b>Generated Narrative: ValueSet cancer-stage-score</b></p><a name="cancer-stage-score"> </a><a name="hccancer-stage-score"> </a><ul><li>Include all codes defined in <a href="CodeSystem-nci-thesaurus.html"><code>https://nhicore.nhi.gov.tw/pas/CodeSystem/nci-thesaurus</code></a></li></ul></div></text><url value="https://nhicore.nhi.gov.tw/pas/ValueSet/cancer-stage-score"/><version value="1.0.6"/><name value="CancerStageScore"/><title value="NCI-健保事前審查-FIGO癌症分期量表結果值集"/><status value="active"/><experimental value="false"/><date value="2025-07-01"/><publisher value="衛生福利部中央健康保險署"/><contact><name value="衛生福利部中央健康保險署"/><telecom><system value="url"/><value value="https://www.nhi.gov.tw"/></telecom></contact><description value="NCI-健保事前審查-FIGO癌症分期量表結果值集"/><compose><include><system value="https://nhicore.nhi.gov.tw/pas/CodeSystem/nci-thesaurus"/></include></compose></ValueSet>